Name,SAP_pos_CDRH1,SAP_pos_CDRH2,SAP_pos_CDRH3,SAP_pos_CDRL1,SAP_pos_CDRL2,SAP_pos_CDRL3,SAP_pos_CDR,SAP_pos_Hv,SAP_pos_Lv,SAP_pos_Fv,SCM_neg_CDRH1,SCM_neg_CDRH2,SCM_neg_CDRH3,SCM_neg_CDRL1,SCM_neg_CDRL2,SCM_neg_CDRL3,SCM_neg_CDR,SCM_neg_Hv,SCM_neg_Lv,SCM_neg_Fv,SCM_pos_CDRH1,SCM_pos_CDRH2,SCM_pos_CDRH3,SCM_pos_CDRL1,SCM_pos_CDRL2,SCM_pos_CDRL3,SCM_pos_CDR,SCM_pos_Hv,SCM_pos_Lv,SCM_pos_Fv
abituzumab,3.859764,4.3452725,8.718716,2.1485994,4.696163,6.7943354,30.680004,45.527824,36.425133,82.6564,26.55881,6.041334,32.170578,122.070076,5.670308,113.75878,317.85504,542.9095,520.8763,1062.8134,33.356182,50.21488,58.55171,37.3822,99.53086,19.15477,301.26556,877.35376,1176.2903,2044.6433
abrilumab,3.4171364,1.0799071,1.8286518,2.0874376,2.4022002,6.014892,17.925526,43.011524,31.231604,74.51299,182.04373,178.28133,119.25043,44.656002,37.799088,101.43154,672.61774,1143.6696,451.4782,1579.0414,3.4245927,-1.2816517,7.433341,36.73027,8.36039,19.30848,67.65992,919.621,941.50415,1849.1388
adalimumab,2.1347826,2.5242453,14.445071,1.9047399,3.5893512,3.172182,27.496794,58.41765,30.51765,89.328285,166.79822,62.519142,61.631935,18.17408,6.928168,106.42368,430.53708,817.64294,362.91452,1185.106,3.1831818,19.583357,29.513483,116.7695,41.75936,55.548267,263.83893,907.11304,1219.4445,2109.0886
alemtuzumab,2.2722704,3.6962554,5.040778,2.220291,2.7629595,3.3260946,20.664444,52.66343,32.287445,85.85814,47.9797,11.398539,21.22094,74.929474,13.728399,39.949097,222.46379,358.02472,373.38593,736.40173,31.126842,109.97425,113.78438,59.37457,59.34829,156.54602,539.4013,1461.2417,1302.7705,2748.4575
alirocumab,2.3352718,0.48520833,5.7497015,6.340402,2.478856,4.4732957,23.008087,52.346256,43.46067,95.65939,32.455204,10.001123,116.72283,42.26833,27.228563,108.37436,352.934,436.2465,505.4952,933.3957,87.39093,30.73007,22.045889,163.35585,64.857,19.051237,393.54633,1270.4652,966.6316,2228.1846
anifrolumab,9.2068405,1.4566277,6.46484,3.270666,0.746394,2.075943,23.751905,56.84846,33.32635,90.73597,27.047321,69.01291,156.92976,116.76342,19.939295,124.05774,531.8755,618.6352,548.3842,1169.503,51.861927,1.3843246,8.495342,14.561914,50.181366,15.44128,127.33184,863.01184,1012.91284,1858.896
atezolizumab,1.7542298,4.332884,8.61993,1.6204742,10.411429,9.990338,38.107727,57.118393,44.686867,101.70744,40.75285,10.9724865,-1.8967624,93.76713,18.8891,64.63564,233.32323,311.48648,435.04517,748.65686,28.055689,23.04339,156.52968,24.018536,37.727238,92.10605,365.4087,1228.4883,1136.4006,2343.4019
bapineuzumab,1.7723842,-0.03559246,6.9534516,4.8404284,4.041626,5.506665,25.005253,52.48927,51.3598,103.767,29.532707,-7.513388,47.645607,112.760574,22.122028,9.933353,208.96965,290.64423,335.5056,620.4164,57.498943,111.20141,92.68071,58.17668,65.24611,120.57161,518.6076,1328.171,1117.1249,2429.4294
basiliximab,2.8558857,1.4582648,10.044736,2.1155171,3.5198023,3.2793665,23.938581,46.556355,35.814716,82.24326,7.6716657,32.66078,77.59835,22.298351,11.917399,45.5761,198.50577,433.74655,277.65985,709.0157,114.54198,21.500153,52.286156,111.668945,84.91534,86.882385,469.83267,1139.5533,1275.6837,2418.8784
bavituximab,3.009459,6.4286785,14.831954,-0.08321797,2.1982179,3.207822,29.920746,48.25506,31.159431,79.750336,37.875484,65.17223,90.125,95.3929,29.909607,69.45828,403.5266,611.3916,562.00885,1173.6887,32.336384,3.789531,25.905895,50.79001,55.80483,26.74427,200.11789,948.19604,803.20514,1732.3156
belimumab,-0.15989955,10.50489,27.498007,3.7712967,0.977097,1.4655414,45.29931,64.136086,40.71751,104.01239,34.931496,44.446407,13.731568,45.202503,-5.165959,37.871784,170.77345,401.49432,544.1368,954.51746,30.838278,20.993872,178.70181,94.76052,120.36645,136.85025,578.46765,1289.8428,942.4468,2193.4255
benralizumab,2.5906045,2.3560705,19.23722,6.748733,2.1932957,9.078664,43.275818,56.66669,40.671177,97.9971,27.181587,32.24682,57.693577,188.74884,4.141281,103.988884,422.98264,380.22525,615.34845,986.74347,62.18174,36.975994,67.832664,30.017462,135.51251,37.61049,376.33392,1334.4523,1231.4702,2540.255
bevacizumab,2.685384,3.934994,17.874346,1.6407409,4.095831,6.321479,36.892475,67.443375,36.898003,103.843185,27.018436,31.16058,60.794807,158.23286,17.307932,111.14432,422.23715,434.4679,616.9487,1039.1732,61.35371,3.647815,113.5832,21.93243,66.94338,33.44715,290.61642,1138.4579,1149.5781,2266.809
bimagrumab,1.0987959,3.7121265,5.3991175,5.94845,1.6368235,11.128818,28.986582,44.5729,42.831394,87.18924,14.875556,1.0541033,25.237247,42.585224,-4.816369,64.846695,142.74017,303.1901,309.39865,609.2717,71.55641,61.4761,24.81366,78.9165,162.18205,43.287186,442.2178,1278.5552,1229.8877,2480.341
blosozumab,5.9907355,4.675309,3.8923416,1.3842386,3.3657925,6.4246774,26.59632,40.986446,36.37849,77.002464,172.15906,202.69331,142.86932,109.28055,13.089993,171.4494,823.49615,1230.8247,560.4935,1782.1758,4.175564,-2.206524,27.843653,53.440914,92.06326,3.63314,166.11678,855.1718,1149.6956,1991.2014
bococizumab,3.3034396,5.28435,15.257463,1.3962647,6.1968694,9.343583,40.96131,49.670567,39.808735,89.57299,15.237936,3.3743691,22.895174,45.38053,4.511661,52.38115,150.82701,328.8949,307.79175,636.04974,71.401344,101.38312,131.32825,41.2649,88.0579,84.955505,524.85565,1402.8533,1290.175,2667.962
brentuximab,2.8137116,1.5948998,10.09314,3.9755008,3.0953486,2.3915017,25.13945,44.052246,44.38112,89.16017,64.75899,14.19396,67.25041,242.77127,43.797626,176.614,609.25116,492.17484,772.7077,1264.1083,0.15665898,26.0224,18.29604,7.116989,43.723648,15.823168,104.631874,945.7698,1087.9197,2020.4644
briakinumab,2.7680154,2.437338,0.38188195,0.8748241,2.4016132,10.203852,19.331717,37.24924,49.12876,86.75689,26.793692,6.409198,0.53211445,-3.7254143,21.79998,30.987717,81.76073,183.85866,276.63187,471.95248,41.094265,40.145046,33.604366,187.1444,64.4531,122.94223,493.92175,1289.5393,1176.8132,2446.4827
brodalumab,2.8163946,3.1020987,10.113444,0.9562642,0.4846802,5.7118363,22.28397,46.7618,35.774307,83.189644,3.5639274,10.693947,17.23874,136.7485,31.481178,136.69489,342.2486,304.33728,552.6476,852.1553,106.24789,38.589024,86.23755,3.6654215,61.68874,28.621721,313.56805,1387.3434,1111.5422,2474.1997
canakinumab,6.4012046,4.2962456,7.689193,0.5441948,5.101538,8.1978035,32.519947,57.493893,37.99156,96.99455,37.36488,119.09979,23.679567,35.015263,-2.2840648,77.91333,300.20898,537.12665,396.61063,948.2866,48.411926,-2.113236,82.16619,67.26918,113.11619,38.776356,354.74683,1069.8861,1021.8877,2058.2407
carlumab,1.4358138,14.817068,14.719265,3.5583045,0.9277199,10.836823,47.01814,63.314777,47.06276,110.84803,62.12127,56.292324,186.05771,148.51352,41.639412,82.30294,585.71497,721.062,598.03564,1316.6544,22.61383,9.092048,7.9377737,-1.0697259,51.312828,53.305836,137.81975,1003.01294,987.7778,1968.1755
certolizumab,6.7046795,11.450361,5.186324,0.35881573,10.598288,10.866004,47.58428,67.70589,49.709995,118.63178,69.49144,58.221214,16.086226,45.332016,12.951659,88.06193,306.23782,475.02844,401.10056,878.4552,28.274923,4.484014,62.743256,38.72254,39.594406,28.225399,199.69992,1025.7427,1084.651,2095.8809
cetuximab,2.8094246,1.7460959,20.808647,0.6179707,3.460975,5.0317817,34.877113,63.38225,44.27419,109.14018,14.201936,18.34839,96.313,67.60198,60.7025,118.451904,373.8946,414.1727,574.8417,984.5809,71.39998,29.845194,41.844185,37.094913,39.442978,22.183475,246.88051,1165.5977,830.0642,1963.7849
cixutumumab,1.5753652,13.680407,29.494074,3.710467,1.3361892,0.9524102,50.96471,69.72446,40.361496,111.01136,9.375937,13.979715,160.22484,70.30416,5.54876,29.160463,303.7146,428.5024,523.4219,950.56226,77.23668,58.025574,87.989685,41.751167,92.23501,99.5351,459.62262,1253.4408,903.24066,2130.5308
clazakizumab,2.432079,1.3335291,7.0317264,0.7086897,4.345023,10.923923,27.425306,53.17269,41.007435,93.71135,38.33528,87.6599,221.30577,93.72038,32.84832,137.98558,642.4014,755.13074,550.89154,1309.1826,39.92505,4.4610157,36.972736,22.446377,49.00111,45.04275,192.9481,1056.4202,1061.4991,2102.6406
codrituzumab,2.245894,0.4667018,10.407522,4.3825345,2.586952,6.366918,28.857788,50.017498,52.761303,102.84567,79.48335,91.75087,23.297276,5.2090144,-6.9573603,20.356379,191.92664,523.1018,154.02113,682.8299,53.313957,14.686535,67.45811,270.83954,139.03003,103.079506,650.14636,965.55133,1508.3933,2454.424
crenezumab,2.554998,0.50034094,3.8648868,7.901007,2.558835,6.798605,26.590117,42.717747,56.969574,99.60077,47.721596,11.733392,24.450037,75.22491,4.510386,54.345993,227.00926,411.32404,353.18808,762.39087,16.628164,13.774179,3.08977,61.923237,86.47136,60.20377,242.07782,964.9091,1064.8315,2013.0243
dacetuzumab,3.07946,4.0250916,6.453361,4.380717,3.2603679,6.7546067,29.023037,55.68476,37.937923,94.03344,22.635057,11.309989,7.405151,21.971655,1.738972,47.277706,105.07717,260.5502,242.08664,504.01193,51.379326,34.995174,100.16101,145.8974,92.13053,101.50178,534.96027,1309.4822,1410.4824,2687.7314
daclizumab,2.9268346,4.147552,5.0898223,2.6894822,3.8864906,5.7320385,25.899038,45.398865,38.86112,84.00675,38.211235,45.19451,21.487022,28.925549,10.160938,63.316208,201.43787,490.38535,337.40796,829.32764,54.490524,18.454294,78.63925,53.990723,42.438515,87.14189,333.25885,1059.9954,1118.8533,2161.6914
dalotuzumab,5.5165796,2.3289616,7.43219,4.375772,5.498215,5.838552,33.400887,54.55716,54.759674,109.34232,22.076323,27.037949,26.890383,17.47375,0.3895817,30.807528,122.28625,267.93823,234.30411,515.46234,72.34595,23.885832,107.38673,191.12755,123.59269,97.62122,621.8102,1289.4056,1318.0426,2596.2085
daratumumab,3.1396687,0.30068734,26.260992,1.8631834,0.18800487,6.295348,38.342857,73.46613,38.451824,111.44732,41.605946,8.537523,116.76778,80.42086,29.272282,86.557045,374.74704,478.63773,471.962,945.64594,27.552309,11.260826,56.28306,13.800633,66.96467,50.259026,225.26997,993.9151,1097.4564,2073.5005
denosumab,2.489054,0.11188486,15.967413,2.553848,0.5648216,1.8484547,23.765202,61.60303,33.180843,95.3163,31.30465,11.216454,64.524605,19.489391,6.1307917,37.96306,166.9324,375.52972,281.16403,648.2983,42.20831,10.151653,77.493065,142.8841,81.866486,61.183517,415.9604,1010.62885,1221.235,2209.069
dinutuximab,2.4746768,8.838997,4.5049915,4.252473,1.576523,9.326306,32.31002,44.645954,46.84368,91.219795,43.374207,36.464565,47.07568,14.377572,5.207591,12.299721,122.78835,457.0513,161.3929,621.4198,18.895184,22.53954,16.207964,292.16583,182.89381,136.52104,672.21484,1004.66235,1775.6243,2770.436
drozitumab,3.252985,2.460407,13.243097,4.1184683,1.5958459,1.3447537,26.86629,47.994072,43.726128,91.398605,152.13417,50.49308,44.49738,55.684723,8.203088,55.96679,375.05246,592.9323,557.45154,1144.6271,-0.73494375,12.884333,56.865044,69.706635,79.672035,62.45586,280.6708,1024.6449,897.22235,1897.6863
duligotuzumab,1.6837862,6.3033805,8.972907,0.96131843,10.465962,3.7546065,34.21793,56.72092,38.001152,95.311264,38.47712,40.148335,177.04124,148.74625,36.14524,253.97519,709.93744,711.8158,757.03235,1469.9088,28.81528,9.407479,23.841438,18.42682,21.657808,-6.3866,85.875015,909.9569,974.4736,1868.916
dupilumab,1.7149533,0.40217763,24.21849,16.725628,1.8937565,4.460816,49.763123,56.477962,60.76931,118.12249,57.421997,12.463701,60.066658,71.72764,11.298835,94.614685,312.8134,490.4406,444.74023,936.99274,44.470398,16.202597,301.6911,87.21355,74.125336,35.69559,563.21136,1260.6445,1066.1566,2312.9258
eculizumab,10.031126,2.121453,15.099878,6.3246355,4.314202,5.350809,44.621437,60.090565,38.88869,99.62669,19.059744,12.48653,120.86914,112.117714,41.752502,124.406975,446.54886,584.0333,625.652,1215.0842,65.1734,33.264454,45.760136,22.253008,15.62528,15.478769,188.59363,975.56335,915.41504,1873.227
efalizumab,1.7671841,0.14941342,23.043587,2.081498,2.906135,4.3144727,34.385845,63.365093,32.150906,95.90011,4.791928,23.126745,26.63093,31.465212,7.815941,87.6804,180.59802,266.37833,322.21835,587.57605,64.679794,4.769237,70.80406,113.99746,52.239666,57.97104,362.9552,1123.9568,1226.3917,2322.3892
eldelumab,0.61802816,7.661787,18.753832,1.8366479,0.47941658,7.05449,36.132034,55.54408,39.928185,96.369576,49.93081,63.850525,187.85141,44.821537,11.160895,98.86095,461.38452,642.8396,389.72842,1031.9742,26.118862,9.077253,27.191717,27.987192,53.891045,22.100338,159.51651,1047.2902,1054.5435,2083.4739
elotuzumab,2.368195,0.10887389,8.287422,5.8565917,2.7986982,6.0094757,26.024277,60.09406,39.710823,100.020134,88.1998,75.17941,139.25352,119.90889,5.435953,112.952614,552.0615,715.2583,529.90594,1227.3688,34.281113,-1.8917266,27.423717,18.795742,80.58106,19.64005,167.74748,848.22253,1075.8228,1907.5646
emibetuzumab,2.2130046,0.3614968,4.9297905,7.7983437,3.7491033,7.5439134,27.562168,31.889427,44.05148,76.54051,57.074314,8.699639,28.202911,43.530666,17.271467,54.126404,222.38786,386.54938,363.00937,746.06177,32.921413,128.19647,38.729527,26.186192,37.035763,46.055244,311.92282,1259.0831,1037.7014,2272.9517
enokizumab,5.4978533,2.1572332,10.65175,4.1792927,5.6970415,7.558268,37.03358,48.86135,40.90876,89.91812,80.02748,68.82271,190.18825,49.438885,11.260149,132.76413,546.06836,766.87384,423.53705,1189.9684,25.219183,7.0025735,25.999617,116.260895,67.229485,32.560993,267.16135,964.0869,1209.5162,2150.634
epratuzumab,2.8009837,2.6410708,11.773212,7.8158765,2.4697726,6.3178806,34.237587,45.787292,41.486347,86.782875,44.499577,89.8772,37.8836,52.966656,12.180486,90.97267,324.1283,648.75824,374.8782,1018.8042,63.09264,9.206123,58.34729,161.41576,74.59067,24.316275,385.2579,946.26044,1225.9644,2149.6848
etrolizumab,7.3838496,2.1457071,4.1034894,2.1434958,4.291325,6.267017,26.503803,54.3078,35.289078,90.06793,5.2584934,3.933573,29.246675,182.44057,33.064365,112.06576,359.39172,260.12674,626.8768,868.98376,62.11643,37.232193,51.29055,11.883726,55.457993,30.21742,248.49786,1230.1156,1015.1963,2212.3506
evolocumab,4.166975,5.075541,4.051908,4.809637,1.1030254,3.069103,22.972166,38.53068,30.854298,69.25891,17.838154,19.11241,36.981712,73.16831,11.932178,86.000015,263.45584,379.13733,427.8542,808.56824,54.47962,20.08811,16.57402,44.20971,65.151184,24.094261,214.54707,1191.2047,992.6436,2161.5112
farletuzumab,2.6193728,4.368216,7.7196484,1.6483661,3.4643836,14.820254,36.23174,52.849743,45.119705,97.96441,16.665936,13.853308,64.1147,62.807316,8.854291,96.835014,288.941,371.70306,431.03873,807.52356,37.7187,10.315958,49.097115,36.663933,39.927464,39.109467,207.30775,1063.5297,1056.7404,2092.055
fasinumab,4.2382154,1.0153773,15.605885,1.3338506,7.3627276,6.0977273,37.53685,57.995434,36.908978,95.28683,211.03288,245.77936,120.27629,39.751034,20.898561,109.92141,755.3604,1300.1854,406.28406,1696.7495,-7.357273,-2.670549,22.296753,64.37146,43.672344,46.64585,159.34601,941.36255,1192.7229,2121.644
fezakinumab,2.014975,4.2777615,7.3280005,3.8620677,0.65545636,6.032387,25.332804,55.065365,48.105793,103.9743,21.951426,15.264446,281.46643,64.05782,36.235588,100.904915,519.5914,624.1328,553.1598,1184.3779,57.432358,49.267357,20.578707,55.27099,44.11607,36.200665,270.2463,1342.4742,846.65515,2171.5269
ficlatuzumab,3.14242,-0.2649791,11.94327,5.43079,1.3579379,6.5285354,29.592337,52.693863,43.00143,94.59187,22.68062,-0.21879466,84.20712,99.52131,20.407806,96.446594,338.9288,431.29205,597.44604,1022.25916,55.12293,80.05794,32.55193,28.087944,40.085255,30.883059,268.80978,1095.1442,825.98157,1886.1521
figitumumab,2.8077688,0.38701627,25.314833,0.4208484,3.3002033,5.784751,36.958977,63.018738,36.72824,99.01735,34.874084,11.344674,171.73615,26.519657,-1.5741653,90.87513,350.9956,568.1325,332.08707,904.9989,44.910065,4.626883,85.10239,70.56833,157.66351,34.11112,402.83383,1090.9847,1413.8759,2484.3743
fletikumab,1.3780491,3.5354002,20.491331,0.22385247,2.3664,5.701221,33.90764,51.875896,31.539242,84.27356,35.606636,13.564706,307.40192,62.894646,69.55363,64.37737,568.55457,707.8671,423.15625,1140.2346,36.603584,31.792519,12.437136,25.456911,-3.4590201,32.368458,126.67758,1005.68604,1025.5616,2008.5814
foralumab,3.4450717,4.9836698,12.637461,2.3023114,0.6366029,7.610529,31.031948,58.578423,41.302696,99.48275,14.179795,22.648628,43.804337,68.76981,28.412983,63.067486,246.31837,250.58156,398.12903,647.6235,83.43307,49.566013,56.59302,16.65233,58.96592,89.021286,347.09088,1453.7556,1129.8115,2568.6973
fresolimumab,1.8576325,17.253744,23.124735,2.7813551,3.4287841,2.5803502,52.082787,74.62708,37.528103,112.35792,78.20708,106.05406,161.40335,83.486015,9.698129,149.22263,596.8144,778.7951,512.1812,1292.4941,11.404673,-1.3405808,6.5453467,20.740002,54.334625,15.193973,94.25775,963.71606,1019.7072,1959.2875
fulranumab,2.6183484,0.4920431,13.847691,0.7594822,2.4899292,4.999304,25.458435,62.91788,31.951685,96.74474,14.697849,-3.6615703,153.16211,61.852444,69.14188,68.59349,363.90765,462.68597,461.29633,916.14764,122.91143,114.840004,67.41267,19.435986,5.326651,30.600924,353.91248,1093.9808,937.8604,2007.4678
galiximab,2.0592873,1.579716,34.098495,3.6816602,2.404405,5.1894712,49.27052,82.25462,45.088898,128.79193,11.4938345,23.737434,125.1085,69.46032,12.377924,107.18331,361.44247,448.44614,502.41833,950.6511,54.495937,8.248749,96.18116,40.843956,98.88563,17.764751,314.76352,948.5179,883.8617,1797.4581
ganitumab,0.4604156,0.96716875,2.7621017,7.847955,2.0142314,5.658326,20.55893,38.710747,53.021545,91.93483,4.863002,1.4269663,98.20709,48.082127,18.467493,59.05487,233.92189,336.15158,345.14764,684.683,117.73981,67.60792,51.1164,130.11456,45.756817,56.828987,468.24307,1414.1136,1081.8904,2485.09
gantenerumab,1.8275065,0.14918634,14.44677,1.8666892,0.6763862,7.407627,27.211496,58.052876,38.824055,97.30199,26.610859,6.4192915,19.119028,41.184677,4.926136,64.97405,155.89638,284.35522,347.9664,634.0818,59.852905,67.361885,274.09714,47.569984,84.78538,44.238064,592.5199,1387.4938,1139.9598,2487.5688
gemtuzumab,3.594578,5.004914,8.820009,9.23677,1.5844526,6.1557426,34.353237,51.916958,38.91083,91.11772,51.220757,24.043037,20.70099,105.176865,14.514153,100.9243,327.7332,441.90512,482.71783,923.4735,5.199152,13.059954,36.93591,52.825153,46.844498,21.41908,172.89479,989.7793,1037.6143,2008.0599
gevokizumab,2.090876,2.2837749,9.693629,2.2668571,4.9129224,8.837194,30.54725,49.86192,37.241924,88.66178,43.28096,107.72363,48.893986,93.17874,-0.67628103,70.21751,367.08374,523.3,417.42554,934.82623,40.159416,0.069204405,102.128845,62.318665,144.25807,43.379948,391.7393,1166.5297,1373.544,2519.3105
girentuximab,1.3321607,4.350628,7.729354,3.6978385,1.8139578,6.391388,27.146608,54.05444,34.913017,89.40184,25.073204,40.626465,25.122202,54.377953,4.762368,85.27684,242.5583,367.3379,395.61063,773.094,71.56839,17.654585,115.22328,32.386047,63.677776,36.95591,336.64557,1258.8795,990.81036,2211.6765
glembatumumab,6.5908604,3.5212576,8.6754675,0.76078486,1.0562474,8.380501,29.097565,54.47723,37.689026,92.93083,28.82984,11.582023,43.378387,86.58885,9.35793,80.60279,269.42755,300.6028,390.06586,686.1436,51.9563,21.49401,45.334465,16.247002,76.10463,49.27166,257.8492,1325.4907,1238.3704,2537.6372
golimumab,9.645024,2.2655606,23.064241,6.4641986,0.9875251,8.052277,49.34542,61.487507,48.577274,109.81341,24.588537,24.485287,51.266453,67.45537,21.79643,65.4904,269.41733,353.16406,412.5841,774.3301,45.50166,18.139217,136.5931,18.756721,71.84088,66.38673,359.8916,1329.421,1113.3817,2426.3936
guselkumab,3.0273547,2.3529887,14.747895,2.7390602,1.8388914,11.31807,36.31667,58.4568,54.440334,113.553375,22.583065,29.855059,54.83833,35.663445,-2.903327,89.57268,238.1714,412.8413,375.82657,782.62946,57.03481,21.433506,56.05629,70.61719,123.05641,46.468277,372.62894,858.4237,988.0507,1818.2057
ibalizumab,2.0798092,2.5853686,11.712654,7.1001353,1.7570084,5.3886504,31.339443,49.168747,43.539738,92.50186,46.33543,102.02926,103.33638,55.810017,12.795548,93.487564,420.47433,799.0709,421.19217,1221.7065,47.617523,-5.462258,82.15488,115.626884,74.42662,42.73668,350.2602,973.3484,1074.8757,2034.0656
imgatuzumab,2.397598,3.316673,11.288288,2.3790848,2.3219821,5.2844176,28.255213,44.937202,32.5563,76.574646,30.03013,4.812554,26.460352,27.10401,14.815244,55.36133,171.94469,326.08365,309.62616,642.1536,44.277397,52.570858,107.18402,85.59891,67.8225,60.288956,423.1142,1194.8619,1263.0923,2426.5564
infliximab,8.222817,2.8380492,11.414651,4.3154106,2.673587,5.9085646,36.578148,50.778774,44.486637,97.569046,31.339167,12.853219,25.414717,30.049282,35.91859,49.305992,183.0622,471.72537,471.3812,945.1496,52.31182,74.92362,82.05307,72.28048,45.87951,88.02395,428.91635,1007.11115,848.1045,1808.066
inotuzumab,2.3207927,3.6069698,13.379264,4.847758,3.6143742,2.5776262,31.657974,55.224007,37.56944,92.77963,8.279598,18.479925,46.755676,55.961105,5.6340346,47.598103,195.1413,376.51016,299.35452,670.77966,114.82088,38.85179,74.072586,75.01966,60.721493,70.46542,434.58813,1427.765,1147.5474,2552.1372
ipilimumab,2.6729598,2.2971482,17.149084,2.8703027,5.465313,2.750628,33.243385,60.8597,37.929367,99.50815,32.28769,35.44227,40.808437,39.916687,10.029051,83.51452,255.09648,379.1402,382.2392,759.5166,44.348324,7.835209,28.579706,31.034805,57.94244,25.42379,188.33238,1191.522,1076.4944,2247.2383
ixekizumab,1.6476151,7.35275,18.821648,3.941281,6.587144,6.96397,47.34801,61.323593,56.329483,117.506226,101.0761,83.74985,51.682953,4.851046,2.1886895,30.681238,243.71307,609.3243,170.30637,767.2043,18.892323,9.778756,76.98323,322.43118,144.84787,82.57921,660.7671,1048.2301,1567.5704,2586.2576
lampalizumab,2.7347946,2.9954252,1.4134918,2.1280127,5.4694147,7.2369285,23.644861,51.317585,40.156483,92.372734,20.563267,72.61567,78.76254,369.27744,50.35737,241.771,817.4628,600.1946,1026.518,1625.718,67.57347,3.9717734,39.84938,-20.838491,64.273125,1.9596801,140.81165,1054.4021,1031.9602,2061.3074
lebrikizumab,4.5475326,2.2071013,16.718966,4.336662,4.5509763,1.3154637,33.89116,66.84017,39.03896,106.18777,32.823753,9.909096,114.970665,105.94865,42.38578,123.72365,464.30704,467.37067,594.68146,1063.6128,38.163,39.42821,31.65949,37.72802,22.361315,27.01442,198.00836,1089.9728,794.3135,1858.5715
lenzilumab,1.5436082,-0.4152059,13.2323675,1.1221541,0.7877562,3.2234738,19.639767,46.692825,33.675465,80.79161,13.160641,1.2333834,13.084747,22.02875,8.444783,7.575512,56.402344,200.97905,176.94814,394.18222,92.790794,93.866264,219.10281,68.29159,66.827576,129.78683,686.9006,1678.5573,1313.6057,2956.564
lintuzumab,2.933454,5.2608485,4.394546,8.389915,1.3887823,5.1944857,26.925133,43.58232,36.477146,80.16006,82.6217,63.03534,3.3165944,132.97983,17.408182,104.23164,410.7616,521.1488,531.63525,1048.5409,22.757414,9.401381,69.49323,29.572882,37.344612,28.29499,191.6835,1043.6411,1019.47095,2040.9269
lirilumab,6.984074,16.630093,17.481958,2.1815875,0.14952317,6.4292336,50.210533,66.31057,41.54458,108.50374,48.048786,56.206787,199.36984,99.4725,43.48577,94.950966,553.7305,704.87775,518.0826,1238.4546,29.329319,11.664663,40.417274,10.362697,51.402927,47.859512,184.76051,1043.1116,1028.0942,2051.3896
lumiliximab,6.8362517,1.6134428,1.4345326,6.0971694,4.3561893,4.9329553,25.955454,53.39678,37.881027,91.50628,35.56366,43.008293,39.557358,70.952034,14.249183,44.450184,264.08875,425.38992,407.44327,837.028,53.645996,13.4594555,15.5225115,47.992096,30.352512,96.8724,248.7739,1093.3362,1109.3455,2191.3254
matuzumab,1.3753209,-0.13443851,9.521967,2.824039,3.3544152,4.0958524,22.103477,42.36933,33.964443,77.2469,59.321598,-2.680229,226.69307,103.06102,47.636143,65.358246,518.07983,649.6887,515.89087,1165.5995,28.06814,57.869995,39.422966,10.449141,16.82231,65.28146,224.6092,1049.0636,1035.2164,2078.4043
mavrilimumab,3.7007961,0.6277319,16.47552,5.1893144,1.1861547,6.7815557,35.447952,54.14034,49.78218,104.632515,206.36188,245.72234,93.94342,46.17927,-17.536058,111.33534,690.83844,1244.3534,371.47217,1594.784,5.6910563,-1.4073868,31.50078,89.79765,184.07329,27.017374,330.35556,935.2572,1187.5775,2089.3398
mepolizumab,2.600893,2.2833035,10.514877,4.0656366,0.80156094,6.8230395,28.037363,55.340275,42.12015,97.897766,11.164847,6.0070157,50.879383,31.192108,16.839842,73.142235,188.03023,356.24777,363.78088,715.2519,80.53516,34.83681,94.52842,168.8485,94.52222,56.615566,534.9547,1224.167,1198.1504,2406.0295
mogamulizumab,8.648283,4.276869,4.917887,8.29626,2.4879978,12.9744005,44.450222,61.263935,63.57618,124.989075,39.77323,18.55495,43.888134,78.29895,9.882647,94.266754,307.58813,460.24353,430.887,893.9373,63.161552,14.635109,84.57678,110.826775,79.9888,15.682149,366.82846,1199.9097,1063.693,2251.8425
motavizumab,3.4346418,2.1139884,19.713902,2.804128,4.106849,6.8940263,40.103436,57.863754,39.11932,96.5002,59.419823,55.651672,183.59058,51.2277,28.273588,83.9158,483.0219,624.1448,429.72723,1038.6477,53.612385,28.261717,23.698565,50.51039,51.754124,52.39828,264.1544,1248.6659,1095.2145,2311.7554
muromonab,1.7566361,1.811595,4.642773,2.3846004,3.8084724,2.8890197,19.039406,32.866547,35.08447,68.10209,24.549805,-0.03006915,176.55258,45.737217,13.373012,46.271885,316.78073,484.6856,315.02103,814.56506,83.33446,83.84895,22.56865,23.726978,82.52148,39.087852,335.05078,1074.544,1088.8784,2139.5122
natalizumab,2.7831616,5.2480974,20.941175,1.8063478,7.745552,5.554193,44.79937,65.10778,39.809177,105.37216,46.030663,31.77142,99.525406,127.15179,7.8489823,128.09355,461.3861,538.6539,542.3919,1091.8824,39.50375,20.914656,56.05915,59.888542,107.32173,25.86049,308.4014,1142.6559,1118.345,2233.7698
necitumumab,1.1188109,3.8319209,21.712341,2.3031013,0.4823173,3.980298,32.91757,62.016098,38.11514,100.43629,57.538574,40.503765,101.19945,74.07933,27.95021,92.848625,396.35602,479.3695,451.00864,927.9147,21.409645,6.106647,21.413,13.327843,55.85385,22.477938,135.01357,1176.494,1055.4619,2208.5645
nimotuzumab,2.4323153,0.5288641,16.483036,3.0549033,2.971467,5.9804955,32.742184,44.920624,36.09227,79.956665,45.470943,36.24543,93.8535,49.20708,1.9567715,64.70583,308.7026,585.4177,364.55936,949.7884,33.50309,11.523166,47.90695,154.70851,106.11172,71.19614,425.84302,1040.8958,1273.5105,2282.3433
nivolumab,3.2185874,4.5327125,2.4128823,2.3347976,0.6244001,5.505747,18.77675,47.77021,38.738384,85.815254,40.964397,23.963947,73.07861,89.42972,32.422462,66.12717,338.47403,400.6383,485.27515,881.6299,20.35636,42.152336,13.82985,19.862835,54.83998,59.783905,211.5163,1186.0776,1078.8766,2241.0762
obinutuzumab,7.4066978,1.9897296,16.452293,9.884366,4.516391,9.036791,52.185997,60.203632,62.9309,122.567215,12.617202,79.47378,69.86959,55.97587,19.491762,111.031006,375.14694,502.12613,422.6768,931.6352,70.552086,17.111273,74.50517,152.17194,36.542343,34.006153,379.8706,1149.5974,1030.0367,2165.4785
ocrelizumab,2.0575938,1.7532762,15.759446,2.1959317,4.2069106,7.186645,34.095295,58.402992,35.81973,94.32286,16.419395,16.366034,70.12992,38.615963,13.776093,62.709972,226.93985,324.31027,333.69177,650.4896,75.79586,28.176147,77.464935,38.586563,40.261803,37.295124,294.71515,1293.2401,1075.0195,2338.0537
ofatumumab,2.5970492,1.8463042,16.552057,2.1455493,0.25843087,6.0024943,28.934387,55.844166,37.921635,93.37873,97.74765,29.75545,133.13414,75.13921,25.520075,87.04011,460.8151,562.28577,480.06506,1039.5549,33.42805,7.9682584,37.862396,19.025326,61.82237,46.296055,204.34526,1154.5442,1046.1406,2179.1968
olaratumab,0.90185153,4.331051,19.266111,1.8406386,0.43857425,5.9986973,32.825867,63.41528,39.211685,102.71926,23.51459,17.237234,61.675915,64.25336,27.425611,39.150566,240.82318,374.05014,379.18057,743.54004,50.824844,18.444817,115.69081,21.731152,71.246056,65.707886,348.08267,1120.4214,1109.2211,2215.9934
olokizumab,1.708468,5.839673,16.896696,4.786352,4.2689257,4.476698,38.24182,65.82745,35.739063,101.85674,94.826866,41.598225,27.149294,116.20029,38.145245,105.32525,436.5469,624.46106,601.3736,1232.4048,9.515473,43.897705,51.250668,21.246504,42.292927,36.45096,204.90376,893.77704,999.00977,1873.682
omalizumab,4.380109,2.0293877,15.990627,2.584649,7.378969,1.8127254,34.09159,60.81618,34.242844,94.401024,34.436028,62.34816,25.722664,215.02898,42.64756,142.20796,539.3607,456.66052,687.28735,1132.4385,51.656445,-3.7715743,91.71283,14.254464,23.282566,32.677498,199.4756,1159.1975,943.91327,2086.146
onartuzumab,2.4152825,0.10352713,13.203322,6.6655188,2.2428901,10.136267,35.121243,56.50727,42.331425,98.15999,40.226936,53.879402,67.58666,54.706142,18.899239,76.4485,313.16055,505.31,383.92657,879.97235,25.320473,1.7801507,58.03468,91.01898,65.94524,32.96151,269.97708,959.6399,1158.0765,2099.943
otelixizumab,2.619471,0.22782211,8.865844,4.894433,1.0226529,6.493018,25.407293,55.61625,47.99427,103.151855,31.679296,0.46500808,49.5777,135.53047,74.79394,75.14643,379.4997,348.69604,687.2939,1023.03894,41.9207,53.1385,95.087296,31.648825,42.89286,26.45058,293.8887,1216.155,855.39545,2042.9285
otlertuzumab,3.7377512,9.080498,5.67719,6.1350574,8.47737,2.7418752,37.071865,54.221455,49.00878,103.9587,31.176836,42.23057,34.100643,88.667305,34.36037,75.96156,328.01755,410.66953,520.69867,929.30206,38.87395,15.452906,21.258032,49.219727,74.22236,54.734074,258.98065,908.20447,976.5582,1873.3372
ozanezumab,4.096766,-0.0606589,4.8696723,8.525351,2.365117,7.436618,29.475822,43.38502,58.400234,101.34617,37.645535,-3.7829368,57.783222,46.87682,8.786447,86.543945,246.56639,408.65073,323.31912,742.0609,41.503426,59.51566,7.5142727,120.63807,69.441536,19.406452,320.44983,1019.235,1122.3356,2129.184
palivizumab,2.00672,1.6972398,11.124268,6.31077,4.034215,7.102544,33.623554,49.38091,43.877087,93.25361,57.622784,71.838036,137.59021,69.56685,28.720377,92.37745,470.52798,576.1895,459.68564,1026.8105,51.007107,15.228443,33.65576,24.173952,58.79559,42.271427,223.81024,1209.4126,1127.4163,2310.9736
panitumumab,1.4282193,3.449205,5.459098,2.133244,2.771093,8.270716,23.198622,45.440292,37.31696,83.3781,45.939148,32.132042,101.604996,234.77277,74.69562,105.008736,602.0872,462.23587,800.04114,1255.9468,15.4072485,8.21823,46.5403,8.14966,17.474276,35.439575,130.61552,1107.6022,954.6623,2039.4752
panobacumab,4.3758583,0.10045079,8.886282,7.2644887,0.4639649,6.492534,28.896017,53.66815,53.317123,106.94259,33.87011,30.829187,29.379633,59.98506,11.236644,31.982979,200.15524,369.44434,268.3,639.4498,57.828514,3.1078982,135.70293,73.47751,110.94004,83.30254,469.59753,1413.4685,1390.217,2778.1548
parsatuzumab,5.554579,1.9323887,13.19672,11.5425005,2.8057177,6.6083565,42.274597,56.499638,44.032856,101.52949,88.672874,66.08221,268.80392,41.257957,9.731302,90.77518,583.9587,769.84125,334.97928,1112.8944,41.002674,4.5888615,20.629814,127.86593,87.14399,63.06217,341.287,1149.737,1264.7361,2380.8716
patritumab,1.8610045,0.027438197,8.362854,5.6070538,1.9842135,3.421347,21.81396,60.270294,38.897408,99.046844,3.2304084,11.302493,64.36062,56.186424,15.723536,76.79903,229.29626,320.63303,474.2869,788.4494,81.81732,38.79371,107.63319,116.08271,75.80984,56.094738,476.72522,1332.9369,989.0658,2298.7336
pembrolizumab,2.283686,0.35848433,11.36437,5.718772,8.607329,7.2404413,36.014725,46.066578,53.262077,98.666664,28.263254,7.227186,114.65251,42.38482,33.52617,79.661644,326.77585,459.86505,419.18082,896.527,44.775387,31.034744,52.257034,121.3968,33.169537,54.398216,345.4184,1056.3007,1031.1493,2075.8953
pertuzumab,2.3419852,0.19696772,10.534814,4.143441,6.5289683,15.280798,40.839794,55.972923,49.084797,105.10944,69.153015,26.291447,85.431404,112.33797,6.0923676,109.64724,424.32498,463.4053,494.7304,961.93134,25.994398,14.516958,26.370356,19.893885,69.95531,26.277246,174.26102,1044.725,1139.7919,2159.2866
pinatuzumab,1.6019253,2.1888082,7.1415653,6.5863094,2.5454524,7.090279,28.020107,49.271557,39.66835,88.1981,46.166748,61.879402,157.51974,53.673912,12.156313,98.20094,454.00546,626.7445,410.3248,1024.0836,59.78598,8.884919,37.284916,103.641014,81.89312,35.870274,319.17645,1118.2806,1243.4758,2337.9465
polatuzumab,3.1470966,2.8824537,12.091437,4.4385257,3.3958344,2.453105,28.148134,60.157635,32.95074,93.54254,24.215176,61.974865,55.355694,267.27158,41.285946,206.45847,672.25006,535.3474,847.53973,1375.2463,53.62206,-0.16269104,95.9891,2.0185633,36.26917,13.1138,193.25749,1042.801,992.2974,2023.6901
ponezumab,6.1287155,1.4492149,13.5685425,9.031374,4.995012,8.687698,45.702095,50.406452,64.13276,114.71525,65.614815,20.6791,22.00656,42.6613,6.744084,-1.029946,159.83768,389.38892,208.16138,607.8171,16.0235,40.750793,81.64755,97.53023,93.009415,117.44688,453.06906,1175.7351,1374.7902,2539.7957
radretumab,3.4091382,0.5989399,12.120285,2.9382935,2.5841327,6.7878356,29.140985,60.165855,40.156822,100.60587,27.308971,4.4575477,35.718277,34.487198,12.191045,53.084377,178.84259,339.73022,328.18423,668.2716,52.27328,21.643522,40.585896,52.85655,59.80536,55.001766,277.24704,1052.4347,1137.0027,2172.588
ramucirumab,2.4633214,4.47038,2.1400096,2.1298392,2.3013408,7.9413433,22.10785,49.84225,38.016144,88.74999,39.877594,29.243422,133.4638,108.79662,69.8318,99.06932,488.06696,516.5034,545.09534,1059.8124,27.791733,3.2715456,9.750193,52.447575,8.309121,34.158554,130.6256,1021.5615,1051.5989,2061.9932
ranibizumab,2.925087,3.9711916,21.203617,1.8100169,4.149536,6.359,40.60646,71.32422,37.469643,108.591705,43.26665,28.86223,83.242546,158.7057,16.215868,111.26175,456.3806,493.71756,619.96985,1097.0621,57.42033,6.2194734,92.25767,12.64212,62.14566,30.916218,249.40674,1117.1277,1137.4991,2235.4785
reslizumab,3.2399724,1.3484076,10.97365,5.0799236,2.9173536,8.208451,33.888664,54.352703,40.65498,95.63736,24.645672,63.000668,96.872246,74.20394,26.252531,104.019646,398.99115,556.4783,493.6394,1037.3168,54.846966,8.877314,14.371732,32.566936,27.452147,39.828632,169.36057,1021.18945,1017.999,2020.4738
rilotumumab,7.6052322,3.942687,14.709899,0.55690867,0.6627492,10.373975,38.419834,60.807507,38.833057,100.82651,17.984516,13.890218,118.43307,93.8891,5.998725,84.64773,351.11105,359.54962,380.79468,750.9295,31.164476,14.425346,26.3169,8.714447,85.6921,38.810165,196.07578,1154.4097,1398.2971,2536.3906
rituximab,1.9034088,1.4864947,15.399152,3.2850182,3.5900385,2.5566142,29.48977,47.044125,42.254444,89.82521,14.307105,27.982534,69.33856,13.704259,12.486423,34.679905,161.2738,351.29996,205.63351,558.54755,71.05837,23.320353,58.94509,59.69312,50.97015,50.82978,311.93314,1069.4335,1149.0208,2207.6958
robatumumab,2.770479,1.089801,16.717398,1.3166087,4.0683236,7.984602,34.419693,58.84177,43.20329,102.40704,23.382624,11.459968,17.5587,20.750896,8.245725,27.620153,110.56053,268.85278,258.8795,539.9524,47.465305,28.422852,73.56876,82.647964,64.987915,171.56964,465.7838,1200.5674,1237.7764,2420.5059
romosozumab,2.07964,0.12653615,14.540154,1.1741053,6.6897798,6.968166,32.28648,41.145283,38.70916,80.12674,90.70637,47.09469,406.60425,206.21112,30.020031,186.37099,964.9469,886.32605,715.98914,1603.5775,17.582808,10.782541,1.7164887,10.488093,60.363625,7.6918726,100.23366,1054.2827,1016.1399,2032.9705
sarilumab,2.3836021,1.9164932,1.4030117,1.9529716,2.791225,5.5685186,16.113457,43.365948,30.605145,74.93612,160.4179,42.969242,78.44552,43.933243,33.869286,97.11215,479.2021,707.97815,445.39374,1157.0266,19.49734,42.29295,15.379023,32.460457,20.91987,16.114264,144.86536,1098.6471,998.86536,2067.466
secukinumab,1.9144453,-0.15959135,34.37928,1.9164728,0.25175878,2.4677267,41.319073,79.42518,32.529884,113.03519,69.12607,89.25371,332.92584,47.924965,14.963598,83.20191,655.1638,839.9617,385.44525,1216.9916,28.072298,-6.1623425,31.030308,34.061558,55.297665,25.431845,158.97963,1166.2872,1080.1906,2226.39
seribantumab,2.3110652,3.506246,11.85009,5.859575,1.6444997,12.556963,38.20749,62.417877,43.68186,104.74978,16.47386,7.1730967,30.976683,69.72934,11.30002,81.929985,228.14165,302.02643,400.98572,704.76587,121.80443,41.693764,74.57147,40.226303,65.37945,30.709957,362.22665,1220.1301,1004.4683,2196.8638
sifalimumab,3.273499,4.5984826,12.486127,3.3194828,0.6617162,2.2390065,26.738297,53.460323,34.4207,87.666595,16.23733,15.986674,6.813499,45.725193,4.800631,39.782246,132.98497,337.58435,288.96008,629.9788,65.974304,19.239056,85.11731,42.738125,57.886078,84.42049,348.80994,1297.1224,1178.5195,2462.9092
siltuximab,2.7786589,3.2720258,16.667694,3.404884,3.6177752,6.967776,39.096878,57.50438,49.551605,108.22076,31.065807,22.406311,80.79737,64.2403,44.1639,74.16531,323.75806,501.2117,417.9176,925.63245,41.029667,12.443113,38.202824,23.365261,14.633692,38.07091,162.39865,1095.5137,1016.0105,2092.2285
simtuzumab,9.841078,1.2180393,8.542007,5.8783083,3.1259515,7.7393494,38.761593,47.9995,54.70872,102.88426,29.797014,9.807379,44.240986,28.123922,12.367114,74.16813,210.60919,379.91833,307.39188,702.3857,68.7236,54.383915,50.060234,197.16956,86.12991,42.05185,502.97836,1159.3923,1175.769,2326.9807
sirukumab,5.118305,3.7469873,16.130045,6.6694565,3.7936623,8.167151,45.606194,61.149017,52.51575,113.75685,25.515846,6.2262664,48.22277,75.481964,37.134483,73.00209,275.3622,360.2508,494.5816,855.2245,54.599438,38.865414,51.583202,5.052983,23.523018,44.649464,215.58057,1103.5922,898.9643,1976.5824
tabalumab,1.524561,-0.18229042,28.565334,1.5318608,0.1788525,4.1149697,36.593506,78.36674,35.357147,114.37448,8.221431,6.9795504,139.45584,51.01863,21.783083,37.42918,268.0283,404.3535,340.8739,741.68616,56.559914,34.982544,65.84281,58.31238,74.57663,106.895905,397.23535,1195.7422,1208.5542,2393.9666
tanezumab,8.1938095,2.3032448,20.287144,-0.101865366,4.2005234,6.3983493,41.681335,67.839424,33.74602,102.15467,34.022877,60.953735,82.37618,58.87471,5.136239,85.02678,342.2446,467.1815,375.16006,840.1486,37.41227,-0.45371324,55.54332,53.467766,131.41667,29.23036,300.95087,1047.7106,1289.614,2314.3457
teplizumab,2.4393187,2.5943925,6.3283024,2.5944676,3.7954984,2.3629637,20.90145,43.68291,31.688923,75.64487,20.10002,4.978203,153.32681,87.54808,20.880978,69.827095,377.5836,395.92596,455.72217,861.314,70.54773,83.490036,27.961792,13.927479,61.07204,19.990486,279.21127,1222.1167,965.20337,2154.5579
tigatuzumab,1.7090038,3.9538336,7.6732607,1.7194009,2.6435921,4.172967,22.073378,55.830853,32.978035,88.73686,22.975674,10.800328,18.265814,96.19824,6.663548,53.771763,221.66316,282.15372,412.8335,689.46155,44.92269,29.086967,120.225624,32.941376,99.914536,78.802414,405.5973,1255.1981,1298.8876,2541.7678
tildrakizumab,16.032717,4.8036695,5.7364798,6.8676925,6.2165465,9.84177,49.527966,58.368626,46.40674,104.95431,15.194249,20.573036,-1.0390117,71.068924,26.866182,97.5022,244.86804,460.51736,471.57382,945.07385,81.685196,13.165294,75.73971,71.44409,81.050964,48.467896,370.0165,1098.9167,1148.6014,2239.5454
tocilizumab,3.0509372,9.065768,5.5949492,1.3000724,4.010072,6.8620152,30.163914,55.92456,34.403553,91.44134,25.827526,5.784223,24.589336,137.598,6.935114,80.628494,289.4195,244.27812,492.53375,731.8771,46.803642,44.563057,90.80064,29.547958,120.15986,28.398201,362.14133,1422.7878,1272.1238,2652.4404
tovetumab,1.9081068,5.0646553,10.378812,2.1548512,5.850085,6.391022,33.30883,56.65761,36.917953,93.46798,59.696445,22.814318,21.933916,31.522514,2.7016878,74.92409,219.86253,369.91922,343.92953,720.7705,26.477686,12.551258,131.20212,109.46479,122.89667,46.97909,457.84772,1216.0042,1337.8386,2534.0818
tralokinumab,2.1298087,-0.50541335,10.640183,5.8211207,2.1187992,4.1999946,26.543966,43.84154,57.116646,100.73971,26.08868,46.985706,96.620026,78.90449,93.29077,135.84238,496.7808,641.80273,614.9657,1260.7195,62.419365,-4.253697,68.20868,50.61472,3.97644,43.293793,222.74901,1114.1921,882.29,1973.1051
trastuzumab,2.9157138,6.2385025,9.362925,1.5189679,10.636893,5.0126495,37.199795,58.970867,40.538452,99.62815,33.174366,6.617752,41.35833,69.34516,15.520663,51.14233,237.378,311.88812,371.86942,679.39246,33.699722,53.15724,70.290794,45.14322,53.98215,61.817425,320.6036,1204.056,1210.0249,2383.9727
tremelimumab,1.7596217,4.060674,26.102125,2.0556314,3.3562822,4.639255,41.48731,61.090473,33.888668,95.49768,22.220318,37.45478,57.438404,64.20898,14.391122,115.140015,328.80008,360.2177,449.89102,816.03845,48.332947,10.968648,89.6233,34.329548,25.973589,17.986042,223.88753,1275.1964,1026.2231,2280.5981
urelumab,1.9994246,5.4086475,13.838956,2.211284,0.07610433,12.778799,37.264214,73.22734,46.088894,119.06365,6.95203,7.983909,174.02803,85.520546,36.929386,97.496216,404.098,573.0281,469.19083,1043.0641,66.82096,36.988625,46.153305,9.42866,59.060825,57.387367,271.6818,1005.02966,1068.0409,2062.7986
ustekinumab,2.5268066,1.9775227,6.349751,2.1966927,3.2563348,10.527699,27.813183,49.752262,37.851944,87.55939,14.938916,63.34566,20.893362,39.476543,12.993353,63.23655,219.73735,385.4587,343.0841,738.5646,81.60052,2.9951692,195.0044,49.009506,42.622578,59.44324,427.82803,1095.247,1071.3213,2136.2773
vedolizumab,2.809752,0.26522338,11.760819,5.934891,2.9630022,2.8184702,27.30659,51.97335,51.45332,102.8848,59.364006,125.38155,204.04001,45.66269,12.786824,49.65672,509.1002,836.1095,288.56717,1133.8685,30.36503,-3.8223288,4.0269504,147.94406,50.612793,64.96199,289.1208,982.9514,1155.8961,2126.8452
veltuzumab,2.5096931,4.1519337,14.463856,3.1592717,4.0668597,2.541194,31.233425,43.66939,37.64417,81.76641,47.68515,63.749607,111.479485,39.917305,15.768338,59.571384,340.81757,586.293,321.24606,906.0574,34.89567,0.024303772,39.568436,32.313793,35.552647,30.637224,166.96797,1078.5403,1059.8861,2115.083
visilizumab,6.160062,3.6005797,15.227443,2.1857135,3.8617785,2.6546757,34.395943,57.106976,32.811314,90.22643,10.206802,2.4726732,106.83258,76.1422,18.631641,67.73811,296.99353,331.36813,391.84976,722.2642,100.69054,106.18235,75.53243,-2.4409568,69.54966,18.262016,372.92786,1269.8784,1078.1423,2312.8726
zalutumumab,1.9941432,5.136198,18.606033,0.9707554,2.4581537,5.581917,34.689407,63.1868,32.754875,95.981255,67.380424,100.12034,219.3012,165.31473,81.48452,93.90529,737.7497,707.97595,689.8371,1382.7197,29.383791,5.332729,43.206482,1.0386794,2.6650653,29.451338,108.277626,1160.7931,941.9839,2081.3745
zanolimumab,2.1532443,0.19903338,7.3620453,1.8818878,3.0597878,6.3853374,22.49026,60.044056,33.88395,94.640144,4.171016,4.6938233,43.127205,110.699,22.602674,101.72961,289.3139,292.08072,484.37143,761.6424,74.14238,40.33856,39.777084,23.50567,26.258083,18.633228,213.24527,1210.5438,1129.1266,2317.1243
