Name,Chain,Score,Query start,Query end,1,2,3,4,5,6,7,8,9,10,11,12,13,14,15,16,17,18,19,20,21,22,23,24,25,26,27,28,29,30,31,32,33,34,35,36,37,38,39,40,41,42,43,44,45,46,47,48,49,50,51,52,53,54,55,56,57,58,59,60,61,62,63,64,65,66,67,68,69,70,71,72,73,74,75,76,77,78,79,80,81,82,83,84,85,86,87,88,89,90,91,92,93,94,95,96,97,98,99,100,101,102,103,104,105,106,107,108,109,110,111,112,113,114,115,116,117,118,119,120,121,122,123,124,125,126,127,128
abituzumab,K,30.608131408691406,0,106,D,I,Q,M,T,Q,S,P,S,S,L,S,A,S,V,G,D,R,V,T,I,T,C,R,A,S,Q,D,I,-,-,-,-,-,-,S,N,Y,L,A,W,Y,Q,Q,K,P,G,K,A,P,K,L,L,I,Y,Y,T,-,-,-,-,-,-,-,S,K,I,H,S,G,V,P,-,S,R,F,S,G,S,G,-,-,S,G,T,D,Y,T,F,T,I,S,S,L,Q,P,E,D,I,A,T,Y,Y,C,Q,Q,G,N,T,-,-,-,-,F,P,Y,T,F,G,Q,G,T,K,V,E,I,K,-
abrilumab,K,30.581092834472656,0,106,D,I,Q,M,T,Q,S,P,S,S,V,S,A,S,V,G,D,R,V,T,I,T,C,R,A,S,Q,G,I,-,-,-,-,-,-,S,S,W,L,A,W,Y,Q,Q,K,P,G,K,A,P,K,L,L,I,Y,G,A,-,-,-,-,-,-,-,S,N,L,E,S,G,V,P,-,S,R,F,S,G,S,G,-,-,S,G,T,D,F,T,L,T,I,S,S,L,Q,P,E,D,F,A,N,Y,Y,C,Q,Q,A,N,S,-,-,-,-,F,P,W,T,F,G,Q,G,T,K,V,E,I,K,-
adalimumab,K,30.546302795410156,0,106,D,I,Q,M,T,Q,S,P,S,S,L,S,A,S,V,G,D,R,V,T,I,T,C,R,A,S,Q,G,I,-,-,-,-,-,-,R,N,Y,L,A,W,Y,Q,Q,K,P,G,K,A,P,K,L,L,I,Y,A,A,-,-,-,-,-,-,-,S,T,L,Q,S,G,V,P,-,S,R,F,S,G,S,G,-,-,S,G,T,D,F,T,L,T,I,S,S,L,Q,P,E,D,V,A,T,Y,Y,C,Q,R,Y,N,R,-,-,-,-,A,P,Y,T,F,G,Q,G,T,K,V,E,I,K,-
alemtuzumab,K,30.557910919189453,0,106,D,I,Q,M,T,Q,S,P,S,S,L,S,A,S,V,G,D,R,V,T,I,T,C,K,A,S,Q,N,I,-,-,-,-,-,-,D,K,Y,L,N,W,Y,Q,Q,K,P,G,K,A,P,K,L,L,I,Y,N,T,-,-,-,-,-,-,-,N,N,L,Q,T,G,V,P,-,S,R,F,S,G,S,G,-,-,S,G,T,D,F,T,F,T,I,S,S,L,Q,P,E,D,I,A,T,Y,Y,C,L,Q,H,I,S,-,-,-,-,R,P,R,T,F,G,Q,G,T,K,V,E,I,K,-
alirocumab,K,30.64186668395996,0,112,D,I,V,M,T,Q,S,P,D,S,L,A,V,S,L,G,E,R,A,T,I,N,C,K,S,S,Q,S,V,L,Y,R,S,N,N,R,N,F,L,G,W,Y,Q,Q,K,P,G,Q,P,P,N,L,L,I,Y,W,A,-,-,-,-,-,-,-,S,T,R,E,S,G,V,P,-,D,R,F,S,G,S,G,-,-,S,G,T,D,F,T,L,T,I,S,S,L,Q,A,E,D,V,A,V,Y,Y,C,Q,Q,Y,Y,T,-,-,-,-,T,P,Y,T,F,G,Q,G,T,K,L,E,I,K,-
anifrolumab,K,30.784137725830078,0,107,E,I,V,L,T,Q,S,P,G,T,L,S,L,S,P,G,E,R,A,T,L,S,C,R,A,S,Q,S,V,S,-,-,-,-,-,S,S,F,F,A,W,Y,Q,Q,K,P,G,Q,A,P,R,L,L,I,Y,G,A,-,-,-,-,-,-,-,S,S,R,A,T,G,I,P,-,D,R,L,S,G,S,G,-,-,S,G,T,D,F,T,L,T,I,T,R,L,E,P,E,D,F,A,V,Y,Y,C,Q,Q,Y,D,S,-,-,-,-,S,A,I,T,F,G,Q,G,T,R,L,E,I,K,-
atezolizumab,K,30.513635635375977,0,106,D,I,Q,M,T,Q,S,P,S,S,L,S,A,S,V,G,D,R,V,T,I,T,C,R,A,S,Q,D,V,-,-,-,-,-,-,S,T,A,V,A,W,Y,Q,Q,K,P,G,K,A,P,K,L,L,I,Y,S,A,-,-,-,-,-,-,-,S,F,L,Y,S,G,V,P,-,S,R,F,S,G,S,G,-,-,S,G,T,D,F,T,L,T,I,S,S,L,Q,P,E,D,F,A,T,Y,Y,C,Q,Q,Y,L,Y,-,-,-,-,H,P,A,T,F,G,Q,G,T,K,V,E,I,K,-
bapineuzumab,K,30.46498680114746,0,111,D,V,V,M,T,Q,S,P,L,S,L,P,V,T,P,G,E,P,A,S,I,S,C,K,S,S,Q,S,L,L,D,S,-,D,G,K,T,Y,L,N,W,L,L,Q,K,P,G,Q,S,P,Q,R,L,I,Y,L,V,-,-,-,-,-,-,-,S,K,L,D,S,G,V,P,-,D,R,F,S,G,S,G,-,-,S,G,T,D,F,T,L,K,I,S,R,V,E,A,E,D,V,G,V,Y,Y,C,W,Q,G,T,H,-,-,-,-,F,P,R,T,F,G,Q,G,T,K,V,E,I,K,-
basiliximab,K,29.179580688476562,0,103,Q,I,V,S,T,Q,S,P,A,I,M,S,A,S,P,G,E,K,V,T,M,T,C,S,A,S,S,S,R,-,-,-,-,-,-,-,S,Y,M,Q,W,Y,Q,Q,K,P,G,T,S,P,K,R,W,I,Y,D,T,-,-,-,-,-,-,-,S,K,L,A,S,G,V,P,-,A,R,F,S,G,S,G,-,-,S,G,T,S,Y,S,L,T,I,S,S,M,E,A,E,D,A,A,T,Y,Y,C,H,Q,R,S,-,-,-,-,-,-,S,Y,T,F,G,G,G,T,K,L,E,I,K,-
bavituximab,K,29.847806930541992,0,106,D,I,Q,M,T,Q,S,P,S,S,L,S,A,S,L,G,E,R,V,S,L,T,C,R,A,S,Q,D,I,-,-,-,-,-,-,G,S,S,L,N,W,L,Q,Q,G,P,D,G,T,I,K,R,L,I,Y,A,T,-,-,-,-,-,-,-,S,S,L,D,S,G,V,P,-,K,R,F,S,G,S,R,-,-,S,G,S,D,Y,S,L,T,I,S,S,L,E,S,E,D,F,V,D,Y,Y,C,L,Q,Y,V,S,-,-,-,-,S,P,P,T,F,G,A,G,T,K,L,E,L,K,-
belimumab,L,30.520776748657227,0,107,S,S,E,L,T,Q,D,P,A,-,V,S,V,A,L,G,Q,T,V,R,V,T,C,Q,G,D,S,L,R,-,-,-,-,-,-,S,Y,Y,A,S,W,Y,Q,Q,K,P,G,Q,A,P,V,L,V,I,Y,G,K,-,-,-,-,-,-,-,N,N,R,P,S,G,I,P,-,D,R,F,S,G,S,S,-,-,S,G,N,T,A,S,L,T,I,T,G,A,Q,A,E,D,E,A,D,Y,Y,C,S,S,R,D,S,S,-,-,G,N,H,W,V,F,G,G,G,T,E,L,T,V,L,-
benralizumab,K,30.59237289428711,0,106,D,I,Q,M,T,Q,S,P,S,S,L,S,A,S,V,G,D,R,V,T,I,T,C,G,T,S,E,D,I,-,-,-,-,-,-,I,N,Y,L,N,W,Y,Q,Q,K,P,G,K,A,P,K,L,L,I,Y,H,T,-,-,-,-,-,-,-,S,R,L,Q,S,G,V,P,-,S,R,F,S,G,S,G,-,-,S,G,T,D,F,T,L,T,I,S,S,L,Q,P,E,D,F,A,T,Y,Y,C,Q,Q,G,Y,T,-,-,-,-,L,P,Y,T,F,G,Q,G,T,K,V,E,I,K,-
bevacizumab,K,30.652145385742188,0,106,D,I,Q,M,T,Q,S,P,S,S,L,S,A,S,V,G,D,R,V,T,I,T,C,S,A,S,Q,D,I,-,-,-,-,-,-,S,N,Y,L,N,W,Y,Q,Q,K,P,G,K,A,P,K,V,L,I,Y,F,T,-,-,-,-,-,-,-,S,S,L,H,S,G,V,P,-,S,R,F,S,G,S,G,-,-,S,G,T,D,F,T,L,T,I,S,S,L,Q,P,E,D,F,A,T,Y,Y,C,Q,Q,Y,S,T,-,-,-,-,V,P,W,T,F,G,Q,G,T,K,V,E,I,K,-
bimagrumab,L,31.214187622070312,0,110,Q,S,A,L,T,Q,P,A,S,-,V,S,G,S,P,G,Q,S,I,T,I,S,C,T,G,T,S,S,D,V,G,-,-,-,S,Y,N,Y,V,N,W,Y,Q,Q,H,P,G,K,A,P,K,L,M,I,Y,G,V,-,-,-,-,-,-,-,S,K,R,P,S,G,V,S,-,N,R,F,S,G,S,K,-,-,S,G,N,T,A,S,L,T,I,S,G,L,Q,A,E,D,E,A,D,Y,Y,C,G,T,F,A,G,G,-,-,S,Y,Y,G,V,F,G,G,G,T,K,L,T,V,L,-
blosozumab,K,30.541332244873047,0,106,D,I,Q,M,T,Q,S,P,S,S,L,S,A,S,V,G,D,R,V,T,I,T,C,K,A,S,Q,D,V,-,-,-,-,-,-,H,T,A,V,A,W,Y,Q,Q,K,P,G,K,A,P,K,L,L,I,Y,W,A,-,-,-,-,-,-,-,S,T,R,W,T,G,V,P,-,S,R,F,S,G,S,G,-,-,S,G,T,D,F,T,L,T,I,S,S,L,Q,P,E,D,F,A,T,Y,Y,C,Q,Q,Y,S,D,-,-,-,-,Y,P,W,T,F,G,G,G,T,K,V,E,I,K,-
bococizumab,K,30.498151779174805,0,106,D,I,Q,M,T,Q,S,P,S,S,L,S,A,S,V,G,D,R,V,T,I,T,C,R,A,S,Q,G,I,-,-,-,-,-,-,S,S,A,L,A,W,Y,Q,Q,K,P,G,K,A,P,K,L,L,I,Y,S,A,-,-,-,-,-,-,-,S,Y,R,Y,T,G,V,P,-,S,R,F,S,G,S,G,-,-,S,G,T,D,F,T,F,T,I,S,S,L,Q,P,E,D,I,A,T,Y,Y,C,Q,Q,R,Y,S,-,-,-,-,L,W,R,T,F,G,Q,G,T,K,L,E,I,K,-
brentuximab,K,30.33601188659668,0,110,D,I,V,L,T,Q,S,P,A,S,L,A,V,S,L,G,Q,R,A,T,I,S,C,K,A,S,Q,S,V,D,F,-,-,D,G,D,S,Y,M,N,W,Y,Q,Q,K,P,G,Q,P,P,K,V,L,I,Y,A,A,-,-,-,-,-,-,-,S,N,L,E,S,G,I,P,-,A,R,F,S,G,S,G,-,-,S,G,T,D,F,T,L,N,I,H,P,V,E,E,E,D,A,A,T,Y,Y,C,Q,Q,S,N,E,-,-,-,-,D,P,W,T,F,G,G,G,T,K,L,E,I,K,-
briakinumab,L,30.461275100708008,0,110,Q,S,V,L,T,Q,P,P,S,-,V,S,G,A,P,G,Q,R,V,T,I,S,C,S,G,S,R,S,N,I,-,-,-,-,G,S,N,T,V,K,W,Y,Q,Q,L,P,G,T,A,P,K,L,L,I,Y,Y,N,-,-,-,-,-,-,-,D,Q,R,P,S,G,V,P,-,D,R,F,S,G,S,K,-,-,S,G,T,S,A,S,L,A,I,T,G,L,Q,A,E,D,E,A,D,Y,Y,C,Q,S,Y,D,R,Y,-,T,H,P,A,L,L,F,G,T,G,T,K,V,T,V,L,-
brodalumab,K,30.402015686035156,0,106,E,I,V,M,T,Q,S,P,A,T,L,S,V,S,P,G,E,R,A,T,L,S,C,R,A,S,Q,S,V,-,-,-,-,-,-,S,S,N,L,A,W,F,Q,Q,K,P,G,Q,A,P,R,P,L,I,Y,D,A,-,-,-,-,-,-,-,S,T,R,A,T,G,V,P,-,A,R,F,S,G,S,G,-,-,S,G,T,D,F,T,L,T,I,S,S,L,Q,S,E,D,F,A,V,Y,Y,C,Q,Q,Y,D,N,-,-,-,-,W,P,L,T,F,G,G,G,T,K,V,E,I,K,-
canakinumab,K,30.402633666992188,0,106,E,I,V,L,T,Q,S,P,D,F,Q,S,V,T,P,K,E,K,V,T,I,T,C,R,A,S,Q,S,I,-,-,-,-,-,-,G,S,S,L,H,W,Y,Q,Q,K,P,D,Q,S,P,K,L,L,I,K,Y,A,-,-,-,-,-,-,-,S,Q,S,F,S,G,V,P,-,S,R,F,S,G,S,G,-,-,S,G,T,D,F,T,L,T,I,N,S,L,E,A,E,D,A,A,A,Y,Y,C,H,Q,S,S,S,-,-,-,-,L,P,F,T,F,G,P,G,T,K,V,D,I,K,-
carlumab,K,30.75953483581543,0,108,E,I,V,L,T,Q,S,P,A,T,L,S,L,S,P,G,E,R,A,T,L,S,C,R,A,S,Q,S,V,S,-,-,-,-,-,D,A,Y,L,A,W,Y,Q,Q,K,P,G,Q,A,P,R,L,L,I,Y,D,A,-,-,-,-,-,-,-,S,S,R,A,T,G,V,P,-,A,R,F,S,G,S,G,-,-,S,G,T,D,F,T,L,T,I,S,S,L,E,P,E,D,F,A,V,Y,Y,C,H,Q,Y,I,Q,-,-,-,L,H,S,F,T,F,G,Q,G,T,K,V,E,I,K,-
certolizumab,K,30.469160079956055,0,106,D,I,Q,M,T,Q,S,P,S,S,L,S,A,S,V,G,D,R,V,T,I,T,C,K,A,S,Q,N,V,-,-,-,-,-,-,G,T,N,V,A,W,Y,Q,Q,K,P,G,K,A,P,K,A,L,I,Y,S,A,-,-,-,-,-,-,-,S,F,L,Y,S,G,V,P,-,Y,R,F,S,G,S,G,-,-,S,G,T,D,F,T,L,T,I,S,S,L,Q,P,E,D,F,A,T,Y,Y,C,Q,Q,Y,N,I,-,-,-,-,Y,P,L,T,F,G,Q,G,T,K,V,E,I,K,-
cetuximab,K,29.763540267944336,0,106,D,I,L,L,T,Q,S,P,V,I,L,S,V,S,P,G,E,R,V,S,F,S,C,R,A,S,Q,S,I,-,-,-,-,-,-,G,T,N,I,H,W,Y,Q,Q,R,T,N,G,S,P,R,L,L,I,K,Y,A,-,-,-,-,-,-,-,S,E,S,I,S,G,I,P,-,S,R,F,S,G,S,G,-,-,S,G,T,D,F,T,L,S,I,N,S,V,E,S,E,D,I,A,D,Y,Y,C,Q,Q,N,N,N,-,-,-,-,W,P,T,T,F,G,A,G,T,K,L,E,L,K,-
cixutumumab,L,30.630451202392578,0,107,S,S,E,L,T,Q,D,P,A,-,V,S,V,A,L,G,Q,T,V,R,I,T,C,Q,G,D,S,L,R,-,-,-,-,-,-,S,Y,Y,A,T,W,Y,Q,Q,K,P,G,Q,A,P,I,L,V,I,Y,G,E,-,-,-,-,-,-,-,N,K,R,P,S,G,I,P,-,D,R,F,S,G,S,S,-,-,S,G,N,T,A,S,L,T,I,T,G,A,Q,A,E,D,E,A,D,Y,Y,C,K,S,R,D,G,S,-,-,G,Q,H,L,V,F,G,G,G,T,K,L,T,V,L,-
clazakizumab,K,29.901472091674805,0,109,A,I,Q,M,T,Q,S,P,S,S,L,S,A,S,V,G,D,R,V,T,I,T,C,Q,A,S,Q,S,I,-,-,-,-,-,-,N,N,E,L,S,W,Y,Q,Q,K,P,G,K,A,P,K,L,L,I,Y,R,A,-,-,-,-,-,-,-,S,T,L,A,S,G,V,P,-,S,R,F,S,G,S,G,-,-,S,G,T,D,F,T,L,T,I,S,S,L,Q,P,D,D,F,A,T,Y,Y,C,Q,Q,G,Y,S,L,-,R,N,I,D,N,A,F,G,G,G,T,K,V,E,I,K,-
codrituzumab,K,30.68145179748535,0,111,D,V,V,M,T,Q,S,P,L,S,L,P,V,T,P,G,E,P,A,S,I,S,C,R,S,S,Q,S,L,V,H,S,-,N,R,N,T,Y,L,H,W,Y,L,Q,K,P,G,Q,S,P,Q,L,L,I,Y,K,V,-,-,-,-,-,-,-,S,N,R,F,S,G,V,P,-,D,R,F,S,G,S,G,-,-,S,G,T,D,F,T,L,K,I,S,R,V,E,A,E,D,V,G,V,Y,Y,C,S,Q,N,T,H,-,-,-,-,V,P,P,T,F,G,Q,G,T,K,L,E,I,K,-
crenezumab,K,30.691574096679688,0,111,D,I,V,M,T,Q,S,P,L,S,L,P,V,T,P,G,E,P,A,S,I,S,C,R,S,S,Q,S,L,V,Y,S,-,N,G,D,T,Y,L,H,W,Y,L,Q,K,P,G,Q,S,P,Q,L,L,I,Y,K,V,-,-,-,-,-,-,-,S,N,R,F,S,G,V,P,-,D,R,F,S,G,S,G,-,-,S,G,T,D,F,T,L,K,I,S,R,V,E,A,E,D,V,G,V,Y,Y,C,S,Q,S,T,H,-,-,-,-,V,P,W,T,F,G,Q,G,T,K,V,E,I,K,-
dacetuzumab,K,30.65420913696289,0,111,D,I,Q,M,T,Q,S,P,S,S,L,S,A,S,V,G,D,R,V,T,I,T,C,R,S,S,Q,S,L,V,H,S,-,N,G,N,T,F,L,H,W,Y,Q,Q,K,P,G,K,A,P,K,L,L,I,Y,T,V,-,-,-,-,-,-,-,S,N,R,F,S,G,V,P,-,S,R,F,S,G,S,G,-,-,S,G,T,D,F,T,L,T,I,S,S,L,Q,P,E,D,F,A,T,Y,F,C,S,Q,T,T,H,-,-,-,-,V,P,W,T,F,G,Q,G,T,K,V,E,I,K,-
daclizumab,K,30.409454345703125,0,105,D,I,Q,M,T,Q,S,P,S,T,L,S,A,S,V,G,D,R,V,T,I,T,C,S,A,S,S,S,I,-,-,-,-,-,-,-,S,Y,M,H,W,Y,Q,Q,K,P,G,K,A,P,K,L,L,I,Y,T,T,-,-,-,-,-,-,-,S,N,L,A,S,G,V,P,-,A,R,F,S,G,S,G,-,-,S,G,T,E,F,T,L,T,I,S,S,L,Q,P,D,D,F,A,T,Y,Y,C,H,Q,R,S,T,-,-,-,-,Y,P,L,T,F,G,Q,G,T,K,V,E,V,K,-
dalotuzumab,K,30.60822105407715,0,111,D,I,V,M,T,Q,S,P,L,S,L,P,V,T,P,G,E,P,A,S,I,S,C,R,S,S,Q,S,I,V,H,S,-,N,G,N,T,Y,L,Q,W,Y,L,Q,K,P,G,Q,S,P,Q,L,L,I,Y,K,V,-,-,-,-,-,-,-,S,N,R,L,Y,G,V,P,-,D,R,F,S,G,S,G,-,-,S,G,T,D,F,T,L,K,I,S,R,V,E,A,E,D,V,G,V,Y,Y,C,F,Q,G,S,H,-,-,-,-,V,P,W,T,F,G,Q,G,T,K,V,E,I,K,-
daratumumab,K,30.495372772216797,0,106,E,I,V,L,T,Q,S,P,A,T,L,S,L,S,P,G,E,R,A,T,L,S,C,R,A,S,Q,S,V,-,-,-,-,-,-,S,S,Y,L,A,W,Y,Q,Q,K,P,G,Q,A,P,R,L,L,I,Y,D,A,-,-,-,-,-,-,-,S,N,R,A,T,G,I,P,-,A,R,F,S,G,S,G,-,-,S,G,T,D,F,T,L,T,I,S,S,L,E,P,E,D,F,A,V,Y,Y,C,Q,Q,R,S,N,-,-,-,-,W,P,P,T,F,G,Q,G,T,K,V,E,I,K,-
denosumab,K,30.92803192138672,0,107,E,I,V,L,T,Q,S,P,G,T,L,S,L,S,P,G,E,R,A,T,L,S,C,R,A,S,Q,S,V,R,-,-,-,-,-,G,R,Y,L,A,W,Y,Q,Q,K,P,G,Q,A,P,R,L,L,I,Y,G,A,-,-,-,-,-,-,-,S,S,R,A,T,G,I,P,-,D,R,F,S,G,S,G,-,-,S,G,T,D,F,T,L,T,I,S,R,L,E,P,E,D,F,A,V,F,Y,C,Q,Q,Y,G,S,-,-,-,-,S,P,R,T,F,G,Q,G,T,K,V,E,I,K,-
dinutuximab,K,30.410036087036133,0,112,E,I,V,M,T,Q,S,P,A,T,L,S,V,S,P,G,E,R,A,T,L,S,C,R,S,S,Q,S,L,V,H,R,-,N,G,N,T,Y,L,H,W,Y,L,Q,K,P,G,Q,S,P,K,L,L,I,H,K,V,-,-,-,-,-,-,-,S,N,R,F,S,G,V,P,-,D,R,F,S,G,S,G,-,-,S,G,T,D,F,T,L,K,I,S,R,V,E,A,E,D,L,G,V,Y,F,C,S,Q,S,T,H,-,-,-,V,P,P,L,T,F,G,A,G,T,K,L,E,L,K,-
drozitumab,L,30.435056686401367,0,106,-,S,E,L,T,Q,D,P,A,-,V,S,V,A,L,G,Q,T,V,R,I,T,C,S,G,D,S,L,R,-,-,-,-,-,-,S,Y,Y,A,S,W,Y,Q,Q,K,P,G,Q,A,P,V,L,V,I,Y,G,A,-,-,-,-,-,-,-,N,N,R,P,S,G,I,P,-,D,R,F,S,G,S,S,-,-,S,G,N,T,A,S,L,T,I,T,G,A,Q,A,E,D,E,A,D,Y,Y,C,N,S,A,D,S,S,-,-,G,N,H,V,V,F,G,G,G,T,K,L,T,V,L,-
duligotuzumab,K,30.661930084228516,0,106,D,I,Q,M,T,Q,S,P,S,S,L,S,A,S,V,G,D,R,V,T,I,T,C,R,A,S,Q,N,I,-,-,-,-,-,-,A,T,D,V,A,W,Y,Q,Q,K,P,G,K,A,P,K,L,L,I,Y,S,A,-,-,-,-,-,-,-,S,F,L,Y,S,G,V,P,-,S,R,F,S,G,S,G,-,-,S,G,T,D,F,T,L,T,I,S,S,L,Q,P,E,D,F,A,T,Y,Y,C,Q,Q,S,E,P,-,-,-,-,E,P,Y,T,F,G,Q,G,T,K,V,E,I,K,-
dupilumab,K,31.081384658813477,0,111,D,I,V,M,T,Q,S,P,L,S,L,P,V,T,P,G,E,P,A,S,I,S,C,R,S,S,Q,S,L,L,Y,S,-,I,G,Y,N,Y,L,D,W,Y,L,Q,K,S,G,Q,S,P,Q,L,L,I,Y,L,G,-,-,-,-,-,-,-,S,N,R,A,S,G,V,P,-,D,R,F,S,G,S,G,-,-,S,G,T,D,F,T,L,K,I,S,R,V,E,A,E,D,V,G,F,Y,Y,C,M,Q,A,L,Q,-,-,-,-,T,P,Y,T,F,G,Q,G,T,K,L,E,I,K,-
eculizumab,K,30.76727294921875,0,106,D,I,Q,M,T,Q,S,P,S,S,L,S,A,S,V,G,D,R,V,T,I,T,C,G,A,S,E,N,I,-,-,-,-,-,-,Y,G,A,L,N,W,Y,Q,Q,K,P,G,K,A,P,K,L,L,I,Y,G,A,-,-,-,-,-,-,-,T,N,L,A,D,G,V,P,-,S,R,F,S,G,S,G,-,-,S,G,T,D,F,T,L,T,I,S,S,L,Q,P,E,D,F,A,T,Y,Y,C,Q,N,V,L,N,-,-,-,-,T,P,L,T,F,G,Q,G,T,K,V,E,I,K,-
efalizumab,K,30.73400115966797,0,106,D,I,Q,M,T,Q,S,P,S,S,L,S,A,S,V,G,D,R,V,T,I,T,C,R,A,S,K,T,I,-,-,-,-,-,-,S,K,Y,L,A,W,Y,Q,Q,K,P,G,K,A,P,K,L,L,I,Y,S,G,-,-,-,-,-,-,-,S,T,L,Q,S,G,V,P,-,S,R,F,S,G,S,G,-,-,S,G,T,D,F,T,L,T,I,S,S,L,Q,P,E,D,F,A,T,Y,Y,C,Q,Q,H,N,E,-,-,-,-,Y,P,L,T,F,G,Q,G,T,K,V,E,I,K,-
eldelumab,K,30.255104064941406,0,108,E,I,V,L,T,Q,S,P,G,T,L,S,L,S,P,G,E,R,A,T,L,S,C,R,A,S,Q,S,V,S,-,-,-,-,-,S,S,Y,L,A,W,Y,Q,Q,K,P,G,Q,A,P,R,L,L,I,Y,G,A,-,-,-,-,-,-,-,S,S,R,A,T,G,I,P,-,D,R,F,S,G,S,G,-,-,S,G,T,D,F,T,L,T,I,S,R,L,E,P,E,D,F,A,V,Y,Y,C,Q,Q,Y,G,S,-,-,-,S,P,I,F,T,F,G,P,G,T,K,V,D,I,K,-
elotuzumab,K,30.69007682800293,0,106,D,I,Q,M,T,Q,S,P,S,S,L,S,A,S,V,G,D,R,V,T,I,T,C,K,A,S,Q,D,V,-,-,-,-,-,-,G,I,A,V,A,W,Y,Q,Q,K,P,G,K,V,P,K,L,L,I,Y,W,A,-,-,-,-,-,-,-,S,T,R,H,T,G,V,P,-,D,R,F,S,G,S,G,-,-,S,G,T,D,F,T,L,T,I,S,S,L,Q,P,E,D,V,A,T,Y,Y,C,Q,Q,Y,S,S,-,-,-,-,Y,P,Y,T,F,G,Q,G,T,K,V,E,I,K,-
emibetuzumab,K,30.201772689819336,0,107,D,I,Q,M,T,Q,S,P,S,S,L,S,A,S,V,G,D,R,V,T,I,T,C,S,V,S,S,S,V,S,-,-,-,-,-,S,I,Y,L,H,W,Y,Q,Q,K,P,G,K,A,P,K,L,L,I,Y,S,T,-,-,-,-,-,-,-,S,N,L,A,S,G,V,P,-,S,R,F,S,G,S,G,-,-,S,G,T,D,F,T,L,T,I,S,S,L,Q,P,E,D,F,A,T,Y,Y,C,Q,V,Y,S,G,-,-,-,-,Y,P,L,T,F,G,G,G,T,K,V,E,I,K,-
enokizumab,K,30.611970901489258,0,106,D,I,Q,M,T,Q,S,P,S,S,L,S,A,S,V,G,D,R,V,T,I,T,C,K,A,S,Q,H,V,-,-,-,-,-,-,I,T,H,V,T,W,Y,Q,Q,K,P,G,K,A,P,K,L,L,I,Y,G,T,-,-,-,-,-,-,-,S,Y,S,Y,S,G,V,P,-,S,R,F,S,G,S,G,-,-,S,G,T,D,F,T,L,T,I,S,S,L,Q,P,E,D,F,A,T,Y,Y,C,Q,Q,F,Y,E,-,-,-,-,Y,P,L,T,F,G,G,G,T,K,V,E,I,K,-
epratuzumab,K,30.51117706298828,0,111,D,I,Q,L,T,Q,S,P,S,S,L,S,A,S,V,G,D,R,V,T,M,S,C,K,S,S,Q,S,V,L,Y,S,A,N,H,K,N,Y,L,A,W,Y,Q,Q,K,P,G,K,A,P,K,L,L,I,Y,W,A,-,-,-,-,-,-,-,S,T,R,E,S,G,V,P,-,S,R,F,S,G,S,G,-,-,S,G,T,D,F,T,F,T,I,S,S,L,Q,P,E,D,I,A,T,Y,Y,C,H,Q,Y,L,-,-,-,-,-,S,S,W,T,F,G,G,G,T,K,L,E,I,K,-
etrolizumab,K,30.556455612182617,0,106,D,I,Q,M,T,Q,S,P,S,S,L,S,A,S,V,G,D,R,V,T,I,T,C,R,A,S,E,S,V,-,-,-,-,-,-,D,D,L,L,H,W,Y,Q,Q,K,P,G,K,A,P,K,L,L,I,K,Y,A,-,-,-,-,-,-,-,S,Q,S,I,S,G,V,P,-,S,R,F,S,G,S,G,-,-,S,G,T,D,F,T,L,T,I,S,S,L,Q,P,E,D,F,A,T,Y,Y,C,Q,Q,G,N,S,-,-,-,-,L,P,N,T,F,G,Q,G,T,K,V,E,I,K,-
evolocumab,L,30.672483444213867,0,108,E,S,A,L,T,Q,P,A,S,-,V,S,G,S,P,G,Q,S,I,T,I,S,C,T,G,T,S,S,D,V,G,-,-,-,G,Y,N,S,V,S,W,Y,Q,Q,H,P,G,K,A,P,K,L,M,I,Y,E,V,-,-,-,-,-,-,-,S,N,R,P,S,G,V,S,-,N,R,F,S,G,S,K,-,-,S,G,N,T,A,S,L,T,I,S,G,L,Q,A,E,D,E,A,D,Y,Y,C,N,S,Y,T,S,-,-,-,-,T,S,M,V,F,G,G,G,T,K,L,T,V,L,-
farletuzumab,K,30.40395736694336,0,109,D,I,Q,L,T,Q,S,P,S,S,L,S,A,S,V,G,D,R,V,T,I,T,C,S,V,S,S,S,I,S,-,-,-,-,-,S,N,N,L,H,W,Y,Q,Q,K,P,G,K,A,P,K,P,W,I,Y,G,T,-,-,-,-,-,-,-,S,N,L,A,S,G,V,P,-,S,R,F,S,G,S,G,-,-,S,G,T,D,Y,T,F,T,I,S,S,L,Q,P,E,D,I,A,T,Y,Y,C,Q,Q,W,S,S,Y,-,-,P,Y,M,Y,T,F,G,Q,G,T,K,V,E,I,K,-
fasinumab,K,30.55019760131836,0,106,D,I,Q,M,T,Q,S,P,S,S,L,S,A,S,A,G,D,R,V,T,I,T,C,R,A,S,Q,A,I,-,-,-,-,-,-,R,N,D,L,G,W,Y,Q,Q,K,P,G,K,A,P,K,R,L,I,Y,A,A,-,-,-,-,-,-,-,F,N,L,Q,S,G,V,P,-,S,R,F,S,G,S,G,-,-,S,G,T,E,F,T,L,T,I,S,S,L,Q,P,E,D,L,A,S,Y,Y,C,Q,Q,Y,N,R,-,-,-,-,Y,P,W,T,F,G,Q,G,T,K,V,E,I,K,-
fezakinumab,L,30.73514747619629,0,110,Q,A,V,L,T,Q,P,P,S,-,V,S,G,A,P,G,Q,R,V,T,I,S,C,T,G,S,S,S,N,I,G,-,-,-,A,G,Y,G,V,H,W,Y,Q,Q,L,P,G,T,A,P,K,L,L,I,Y,G,D,-,-,-,-,-,-,-,S,N,R,P,S,G,V,P,-,D,R,F,S,G,S,K,-,-,S,G,T,S,A,S,L,A,I,T,G,L,Q,A,E,D,E,A,D,Y,Y,C,Q,S,Y,D,N,S,-,-,L,S,G,Y,V,F,G,G,G,T,Q,L,T,V,L,-
ficlatuzumab,K,30.733064651489258,0,106,D,I,V,M,T,Q,S,P,D,S,L,A,M,S,L,G,E,R,V,T,L,N,C,K,A,S,E,N,V,-,-,-,-,-,-,V,S,Y,V,S,W,Y,Q,Q,K,P,G,Q,S,P,K,L,L,I,Y,G,A,-,-,-,-,-,-,-,S,N,R,E,S,G,V,P,-,D,R,F,S,G,S,G,-,-,S,A,T,D,F,T,L,T,I,S,S,V,Q,A,E,D,V,A,D,Y,H,C,G,Q,S,Y,N,-,-,-,-,Y,P,Y,T,F,G,Q,G,T,K,L,E,I,K,-
figitumumab,K,30.865522384643555,0,106,D,I,Q,M,T,Q,F,P,S,S,L,S,A,S,V,G,D,R,V,T,I,T,C,R,A,S,Q,G,I,-,-,-,-,-,-,R,N,D,L,G,W,Y,Q,Q,K,P,G,K,A,P,K,R,L,I,Y,A,A,-,-,-,-,-,-,-,S,R,L,H,R,G,V,P,-,S,R,F,S,G,S,G,-,-,S,G,T,E,F,T,L,T,I,S,S,L,Q,P,E,D,F,A,T,Y,Y,C,L,Q,H,N,S,-,-,-,-,Y,P,C,S,F,G,Q,G,T,K,L,E,I,K,-
fletikumab,K,30.463754653930664,0,106,A,I,Q,L,T,Q,S,P,S,S,L,S,A,S,V,G,D,R,V,T,I,T,C,R,A,S,Q,G,I,-,-,-,-,-,-,S,S,A,L,A,W,Y,Q,Q,K,P,G,K,A,P,K,L,L,I,Y,D,A,-,-,-,-,-,-,-,S,S,L,E,S,G,V,P,-,S,R,F,S,G,S,G,-,-,S,G,T,D,F,T,L,T,I,S,S,L,Q,P,E,D,F,A,T,Y,Y,C,Q,Q,F,N,S,-,-,-,-,Y,P,L,T,F,G,G,G,T,K,V,E,I,K,-
foralumab,K,30.389293670654297,0,107,E,I,V,L,T,Q,S,P,A,T,L,S,L,S,P,G,E,R,A,T,L,S,C,R,A,S,Q,S,V,-,-,-,-,-,-,S,S,Y,L,A,W,Y,Q,Q,K,P,G,Q,A,P,R,L,L,I,Y,D,A,-,-,-,-,-,-,-,S,N,R,A,T,G,I,P,-,A,R,F,S,G,S,G,-,-,S,G,T,D,F,T,L,T,I,S,S,L,E,P,E,D,F,A,V,Y,Y,C,Q,Q,R,S,N,-,-,-,W,P,P,L,T,F,G,G,G,T,K,V,E,I,K,-
fresolimumab,K,30.723018646240234,0,107,E,T,V,L,T,Q,S,P,G,T,L,S,L,S,P,G,E,R,A,T,L,S,C,R,A,S,Q,S,L,G,-,-,-,-,-,S,S,Y,L,A,W,Y,Q,Q,K,P,G,Q,A,P,R,L,L,I,Y,G,A,-,-,-,-,-,-,-,S,S,R,A,P,G,I,P,-,D,R,F,S,G,S,G,-,-,S,G,T,D,F,T,L,T,I,S,R,L,E,P,E,D,F,A,V,Y,Y,C,Q,Q,Y,A,D,-,-,-,-,S,P,I,T,F,G,Q,G,T,R,L,E,I,K,-
fulranumab,K,30.463754653930664,0,106,A,I,Q,L,T,Q,S,P,S,S,L,S,A,S,V,G,D,R,V,T,I,T,C,R,A,S,Q,G,I,-,-,-,-,-,-,S,S,A,L,A,W,Y,Q,Q,K,P,G,K,A,P,K,L,L,I,Y,D,A,-,-,-,-,-,-,-,S,S,L,E,S,G,V,P,-,S,R,F,S,G,S,G,-,-,S,G,T,D,F,T,L,T,I,S,S,L,Q,P,E,D,F,A,T,Y,Y,C,Q,Q,F,N,S,-,-,-,-,Y,P,L,T,F,G,G,G,T,K,V,E,I,K,-
galiximab,L,31.115509033203125,0,109,E,S,A,L,T,Q,P,P,S,-,V,S,G,A,P,G,Q,K,V,T,I,S,C,T,G,S,T,S,N,I,-,-,-,-,G,G,Y,D,L,H,W,Y,Q,Q,L,P,G,T,A,P,K,L,L,I,Y,D,I,-,-,-,-,-,-,-,N,K,R,P,S,G,I,S,-,D,R,F,S,G,S,K,-,-,S,G,T,A,A,S,L,A,I,T,G,L,Q,T,E,D,E,A,D,Y,Y,C,Q,S,Y,D,S,S,-,-,L,N,A,Q,V,F,G,G,G,T,R,L,T,V,L,-
ganitumab,K,31.033824920654297,0,111,D,V,V,M,T,Q,S,P,L,S,L,P,V,T,P,G,E,P,A,S,I,S,C,R,S,S,Q,S,L,L,H,S,-,N,G,Y,N,Y,L,D,W,Y,L,Q,K,P,G,Q,S,P,Q,L,L,I,Y,L,G,-,-,-,-,-,-,-,S,N,R,A,S,G,V,P,-,D,R,F,S,G,S,G,-,-,S,G,T,D,F,T,L,K,I,S,R,V,E,A,E,D,V,G,V,Y,Y,C,M,Q,G,T,H,-,-,-,-,W,P,L,T,F,G,Q,G,T,K,V,E,I,K,-
gantenerumab,K,30.62613296508789,0,107,D,I,V,L,T,Q,S,P,A,T,L,S,L,S,P,G,E,R,A,T,L,S,C,R,A,S,Q,S,V,S,-,-,-,-,-,S,S,Y,L,A,W,Y,Q,Q,K,P,G,Q,A,P,R,L,L,I,Y,G,A,-,-,-,-,-,-,-,S,S,R,A,T,G,V,P,-,A,R,F,S,G,S,G,-,-,S,G,T,D,F,T,L,T,I,S,S,L,E,P,E,D,F,A,T,Y,Y,C,L,Q,I,Y,N,-,-,-,-,M,P,I,T,F,G,Q,G,T,K,V,E,I,K,-
gemtuzumab,K,29.96204948425293,0,110,D,I,Q,L,T,Q,S,P,S,T,L,S,A,S,V,G,D,R,V,T,I,T,C,R,A,S,E,S,L,D,N,-,-,Y,G,I,R,F,L,T,W,F,Q,Q,K,P,G,K,A,P,K,L,L,M,Y,A,A,-,-,-,-,-,-,-,S,N,Q,G,S,G,V,P,-,S,R,F,S,G,S,G,-,-,S,G,T,E,F,T,L,T,I,S,S,L,Q,P,D,D,F,A,T,Y,Y,C,Q,Q,T,K,E,-,-,-,-,V,P,W,S,F,G,Q,G,T,K,V,E,V,K,-
gevokizumab,K,30.549535751342773,0,106,D,I,Q,M,T,Q,S,T,S,S,L,S,A,S,V,G,D,R,V,T,I,T,C,R,A,S,Q,D,I,-,-,-,-,-,-,S,N,Y,L,S,W,Y,Q,Q,K,P,G,K,A,V,K,L,L,I,Y,Y,T,-,-,-,-,-,-,-,S,K,L,H,S,G,V,P,-,S,R,F,S,G,S,G,-,-,S,G,T,D,Y,T,L,T,I,S,S,L,Q,Q,E,D,F,A,T,Y,F,C,L,Q,G,K,M,-,-,-,-,L,P,W,T,F,G,Q,G,T,K,L,E,I,K,-
girentuximab,K,30.08485984802246,0,106,D,I,V,M,T,Q,S,Q,R,F,M,S,T,T,V,G,D,R,V,S,I,T,C,K,A,S,Q,N,V,-,-,-,-,-,-,V,S,A,V,A,W,Y,Q,Q,K,P,G,Q,S,P,K,L,L,I,Y,S,A,-,-,-,-,-,-,-,S,N,R,Y,T,G,V,P,-,D,R,F,T,G,S,G,-,-,S,G,T,D,F,T,L,T,I,S,N,M,Q,S,E,D,L,A,D,F,F,C,Q,Q,Y,S,N,-,-,-,-,Y,P,W,T,F,G,G,G,T,K,L,E,I,K,-
glembatumumab,K,30.41545867919922,0,107,E,I,V,M,T,Q,S,P,A,T,L,S,V,S,P,G,E,R,A,T,L,S,C,R,A,S,Q,S,V,-,-,-,-,-,-,D,N,N,L,V,W,Y,Q,Q,K,P,G,Q,A,P,R,L,L,I,Y,G,A,-,-,-,-,-,-,-,S,T,R,A,T,G,I,P,-,A,R,F,S,G,S,G,-,-,S,G,T,E,F,T,L,T,I,S,S,L,Q,S,E,D,F,A,V,Y,Y,C,Q,Q,Y,N,N,-,-,-,W,P,P,W,T,F,G,Q,G,T,K,V,E,I,K,-
golimumab,K,30.47045135498047,0,107,E,I,V,L,T,Q,S,P,A,T,L,S,L,S,P,G,E,R,A,T,L,S,C,R,A,S,Q,S,V,-,-,-,-,-,-,Y,S,Y,L,A,W,Y,Q,Q,K,P,G,Q,A,P,R,L,L,I,Y,D,A,-,-,-,-,-,-,-,S,N,R,A,T,G,I,P,-,A,R,F,S,G,S,G,-,-,S,G,T,D,F,T,L,T,I,S,S,L,E,P,E,D,F,A,V,Y,Y,C,Q,Q,R,S,N,-,-,-,W,P,P,F,T,F,G,P,G,T,K,V,D,I,K,-
guselkumab,L,31.19489860534668,0,110,Q,S,V,L,T,Q,P,P,S,-,V,S,G,A,P,G,Q,R,V,T,I,S,C,T,G,S,S,S,N,I,G,-,-,-,S,G,Y,D,V,H,W,Y,Q,Q,L,P,G,T,A,P,K,L,L,I,Y,G,N,-,-,-,-,-,-,-,S,K,R,P,S,G,V,P,-,D,R,F,S,G,S,K,-,-,S,G,T,S,A,S,L,A,I,T,G,L,Q,S,E,D,E,A,D,Y,Y,C,A,S,W,T,D,G,-,-,L,S,L,V,V,F,G,G,G,T,K,L,T,V,L,-
ibalizumab,K,30.535011291503906,0,111,D,I,V,M,T,Q,S,P,D,S,L,A,V,S,L,G,E,R,V,T,M,N,C,K,S,S,Q,S,L,L,Y,S,T,N,Q,K,N,Y,L,A,W,Y,Q,Q,K,P,G,Q,S,P,K,L,L,I,Y,W,A,-,-,-,-,-,-,-,S,T,R,E,S,G,V,P,-,D,R,F,S,G,S,G,-,-,S,G,T,D,F,T,L,T,I,S,S,V,Q,A,E,D,V,A,V,Y,Y,C,Q,Q,Y,Y,-,-,-,-,-,S,Y,R,T,F,G,G,G,T,K,L,E,I,K,-
imgatuzumab,K,30.5428524017334,0,105,D,I,Q,M,T,Q,S,P,S,S,L,S,A,S,V,G,D,R,V,T,I,T,C,R,A,S,Q,G,I,-,-,-,-,-,-,N,N,Y,L,N,W,Y,Q,Q,K,P,G,K,A,P,K,R,L,I,Y,N,T,-,-,-,-,-,-,-,N,N,L,Q,T,G,V,P,-,S,R,F,S,G,S,G,-,-,S,G,T,E,F,T,L,T,I,S,S,L,Q,P,E,D,F,A,T,Y,Y,C,L,Q,H,N,-,-,-,-,-,S,F,P,T,F,G,Q,G,T,K,L,E,I,K,-
infliximab,K,30.06125831604004,0,106,D,I,L,L,T,Q,S,P,A,I,L,S,V,S,P,G,E,R,V,S,F,S,C,R,A,S,Q,F,V,-,-,-,-,-,-,G,S,S,I,H,W,Y,Q,Q,R,T,N,G,S,P,R,L,L,I,K,Y,A,-,-,-,-,-,-,-,S,E,S,M,S,G,I,P,-,S,R,F,S,G,S,G,-,-,S,G,T,D,F,T,L,S,I,N,T,V,E,S,E,D,I,A,D,Y,Y,C,Q,Q,S,H,S,-,-,-,-,W,P,F,T,F,G,S,G,T,N,L,E,V,K,-
inotuzumab,K,30.300861358642578,0,111,D,V,Q,V,T,Q,S,P,S,S,L,S,A,S,V,G,D,R,V,T,I,T,C,R,S,S,Q,S,L,A,N,S,-,Y,G,N,T,F,L,S,W,Y,L,H,K,P,G,K,A,P,Q,L,L,I,Y,G,I,-,-,-,-,-,-,-,S,N,R,F,S,G,V,P,-,D,R,F,S,G,S,G,-,-,S,G,T,D,F,T,L,T,I,S,S,L,Q,P,E,D,F,A,T,Y,Y,C,L,Q,G,T,H,-,-,-,-,Q,P,Y,T,F,G,Q,G,T,K,V,E,I,K,-
ipilimumab,K,30.628726959228516,0,107,E,I,V,L,T,Q,S,P,G,T,L,S,L,S,P,G,E,R,A,T,L,S,C,R,A,S,Q,S,V,G,-,-,-,-,-,S,S,Y,L,A,W,Y,Q,Q,K,P,G,Q,A,P,R,L,L,I,Y,G,A,-,-,-,-,-,-,-,F,S,R,A,T,G,I,P,-,D,R,F,S,G,S,G,-,-,S,G,T,D,F,T,L,T,I,S,R,L,E,P,E,D,F,A,V,Y,Y,C,Q,Q,Y,G,S,-,-,-,-,S,P,W,T,F,G,Q,G,T,K,V,E,I,K,-
ixekizumab,K,30.912567138671875,0,111,D,I,V,M,T,Q,T,P,L,S,L,S,V,T,P,G,Q,P,A,S,I,S,C,R,S,S,R,S,L,V,H,S,-,R,G,N,T,Y,L,H,W,Y,L,Q,K,P,G,Q,S,P,Q,L,L,I,Y,K,V,-,-,-,-,-,-,-,S,N,R,F,I,G,V,P,-,D,R,F,S,G,S,G,-,-,S,G,T,D,F,T,L,K,I,S,R,V,E,A,E,D,V,G,V,Y,Y,C,S,Q,S,T,H,-,-,-,-,L,P,F,T,F,G,Q,G,T,K,L,E,I,K,-
lampalizumab,K,30.352746963500977,0,106,D,I,Q,V,T,Q,S,P,S,S,L,S,A,S,V,G,D,R,V,T,I,T,C,I,T,S,T,D,I,-,-,-,-,-,-,D,D,D,M,N,W,Y,Q,Q,K,P,G,K,V,P,K,L,L,I,S,G,G,-,-,-,-,-,-,-,N,T,L,R,P,G,V,P,-,S,R,F,S,G,S,G,-,-,S,G,T,D,F,T,L,T,I,S,S,L,Q,P,E,D,V,A,T,Y,Y,C,L,Q,S,D,S,-,-,-,-,L,P,Y,T,F,G,Q,G,T,K,V,E,I,K,-
lebrikizumab,K,30.233386993408203,0,110,D,I,V,M,T,Q,S,P,D,S,L,S,V,S,L,G,E,R,A,T,I,N,C,R,A,S,K,S,V,D,S,-,-,Y,G,N,S,F,M,H,W,Y,Q,Q,K,P,G,Q,P,P,K,L,L,I,Y,L,A,-,-,-,-,-,-,-,S,N,L,E,S,G,V,P,-,D,R,F,S,G,S,G,-,-,S,G,T,D,F,T,L,T,I,S,S,L,Q,A,E,D,V,A,V,Y,Y,C,Q,Q,N,N,E,-,-,-,-,D,P,R,T,F,G,G,G,T,K,V,E,I,K,-
lenzilumab,K,30.833816528320312,0,106,E,I,V,L,T,Q,S,P,A,T,L,S,V,S,P,G,E,R,A,T,L,S,C,R,A,S,Q,S,V,-,-,-,-,-,-,G,T,N,V,A,W,Y,Q,Q,K,P,G,Q,A,P,R,V,L,I,Y,S,T,-,-,-,-,-,-,-,S,S,R,A,T,G,I,T,-,D,R,F,S,G,S,G,-,-,S,G,T,D,F,T,L,T,I,S,R,L,E,P,E,D,F,A,V,Y,Y,C,Q,Q,F,N,K,-,-,-,-,S,P,L,T,F,G,G,G,T,K,V,E,I,K,-
lintuzumab,K,30.08619499206543,0,110,D,I,Q,M,T,Q,S,P,S,S,L,S,A,S,V,G,D,R,V,T,I,T,C,R,A,S,E,S,V,D,N,-,-,Y,G,I,S,F,M,N,W,F,Q,Q,K,P,G,K,A,P,K,L,L,I,Y,A,A,-,-,-,-,-,-,-,S,N,Q,G,S,G,V,P,-,S,R,F,S,G,S,G,-,-,S,G,T,D,F,T,L,T,I,S,S,L,Q,P,D,D,F,A,T,Y,Y,C,Q,Q,S,K,E,-,-,-,-,V,P,W,T,F,G,Q,G,T,K,V,E,I,K,-
lirilumab,K,30.49510955810547,0,106,E,I,V,L,T,Q,S,P,V,T,L,S,L,S,P,G,E,R,A,T,L,S,C,R,A,S,Q,S,V,-,-,-,-,-,-,S,S,Y,L,A,W,Y,Q,Q,K,P,G,Q,A,P,R,L,L,I,Y,D,A,-,-,-,-,-,-,-,S,N,R,A,T,G,I,P,-,A,R,F,S,G,S,G,-,-,S,G,T,D,F,T,L,T,I,S,S,L,E,P,E,D,F,A,V,Y,Y,C,Q,Q,R,S,N,-,-,-,-,W,M,Y,T,F,G,Q,G,T,K,L,E,I,K,-
lumiliximab,K,30.67886734008789,0,106,D,I,Q,M,T,Q,S,P,S,S,L,S,A,S,V,G,D,R,V,T,I,T,C,R,A,S,Q,D,I,-,-,-,-,-,-,R,Y,Y,L,N,W,Y,Q,Q,K,P,G,K,A,P,K,L,L,I,Y,V,A,-,-,-,-,-,-,-,S,S,L,Q,S,G,V,P,-,S,R,F,S,G,S,G,-,-,S,G,T,E,F,T,L,T,V,S,S,L,Q,P,E,D,F,A,T,Y,Y,C,L,Q,V,Y,S,-,-,-,-,T,P,R,T,F,G,Q,G,T,K,V,E,I,K,-
matuzumab,K,30.20238494873047,0,105,D,I,Q,M,T,Q,S,P,S,S,L,S,A,S,V,G,D,R,V,T,I,T,C,S,A,S,S,S,V,-,-,-,-,-,-,-,T,Y,M,Y,W,Y,Q,Q,K,P,G,K,A,P,K,L,L,I,Y,D,T,-,-,-,-,-,-,-,S,N,L,A,S,G,V,P,-,S,R,F,S,G,S,G,-,-,S,G,T,D,Y,T,F,T,I,S,S,L,Q,P,E,D,I,A,T,Y,Y,C,Q,Q,W,S,S,-,-,-,-,H,I,F,T,F,G,Q,G,T,K,V,E,I,K,-
mavrilimumab,L,31.380151748657227,0,110,Q,S,V,L,T,Q,P,P,S,-,V,S,G,A,P,G,Q,R,V,T,I,S,C,T,G,S,G,S,N,I,G,-,-,-,A,P,Y,D,V,S,W,Y,Q,Q,L,P,G,T,A,P,K,L,L,I,Y,H,N,-,-,-,-,-,-,-,N,K,R,P,S,G,V,P,-,D,R,F,S,G,S,K,-,-,S,G,T,S,A,S,L,A,I,T,G,L,Q,A,E,D,E,A,D,Y,Y,C,A,T,V,E,A,G,-,-,L,S,G,S,V,F,G,G,G,T,K,L,T,V,L,-
mepolizumab,K,30.604328155517578,0,112,D,I,V,M,T,Q,S,P,D,S,L,A,V,S,L,G,E,R,A,T,I,N,C,K,S,S,Q,S,L,L,N,S,G,N,Q,K,N,Y,L,A,W,Y,Q,Q,K,P,G,Q,P,P,K,L,L,I,Y,G,A,-,-,-,-,-,-,-,S,T,R,E,S,G,V,P,-,D,R,F,S,G,S,G,-,-,S,G,T,D,F,T,L,T,I,S,S,L,Q,A,E,D,V,A,V,Y,Y,C,Q,N,V,H,S,-,-,-,-,F,P,F,T,F,G,G,G,T,K,L,E,I,K,-
mogamulizumab,K,30.764644622802734,0,111,D,V,L,M,T,Q,S,P,L,S,L,P,V,T,P,G,E,P,A,S,I,S,C,R,S,S,R,N,I,V,H,I,-,N,G,D,T,Y,L,E,W,Y,L,Q,K,P,G,Q,S,P,Q,L,L,I,Y,K,V,-,-,-,-,-,-,-,S,N,R,F,S,G,V,P,-,D,R,F,S,G,S,G,-,-,S,G,T,D,F,T,L,K,I,S,R,V,E,A,E,D,V,G,V,Y,Y,C,F,Q,G,S,L,-,-,-,-,L,P,W,T,F,G,Q,G,T,K,V,E,I,K,-
motavizumab,K,30.276580810546875,0,105,D,I,Q,M,T,Q,S,P,S,T,L,S,A,S,V,G,D,R,V,T,I,T,C,S,A,S,S,R,V,-,-,-,-,-,-,-,G,Y,M,H,W,Y,Q,Q,K,P,G,K,A,P,K,L,L,I,Y,D,T,-,-,-,-,-,-,-,S,K,L,A,S,G,V,P,-,S,R,F,S,G,S,G,-,-,S,G,T,E,F,T,L,T,I,S,S,L,Q,P,D,D,F,A,T,Y,Y,C,F,Q,G,S,G,-,-,-,-,Y,P,F,T,F,G,G,G,T,K,V,E,I,K,-
muromonab,K,29.93880271911621,0,105,Q,I,V,L,T,Q,S,P,A,I,M,S,A,S,P,G,E,K,V,T,M,T,C,S,A,S,S,S,V,-,-,-,-,-,-,-,S,Y,M,N,W,Y,Q,Q,K,S,G,T,S,P,K,R,W,I,Y,D,T,-,-,-,-,-,-,-,S,K,L,A,S,G,V,P,-,A,H,F,R,G,S,G,-,-,S,G,T,S,Y,S,L,T,I,S,G,M,E,A,E,D,A,A,T,Y,Y,C,Q,Q,W,S,S,-,-,-,-,N,P,F,T,F,G,S,G,T,K,L,E,I,K,-
natalizumab,K,30.290536880493164,0,105,D,I,Q,M,T,Q,S,P,S,S,L,S,A,S,V,G,D,R,V,T,I,T,C,K,T,S,Q,D,I,-,-,-,-,-,-,N,K,Y,M,A,W,Y,Q,Q,T,P,G,K,A,P,R,L,L,I,H,Y,T,-,-,-,-,-,-,-,S,A,L,Q,P,G,I,P,-,S,R,F,S,G,S,G,-,-,S,G,R,D,Y,T,F,T,I,S,S,L,Q,P,E,D,I,A,T,Y,Y,C,L,Q,Y,D,-,-,-,-,-,N,L,W,T,F,G,Q,G,T,K,V,E,I,K,-
necitumumab,K,30.42201042175293,0,106,E,I,V,M,T,Q,S,P,A,T,L,S,L,S,P,G,E,R,A,T,L,S,C,R,A,S,Q,S,V,-,-,-,-,-,-,S,S,Y,L,A,W,Y,Q,Q,K,P,G,Q,A,P,R,L,L,I,Y,D,A,-,-,-,-,-,-,-,S,N,R,A,T,G,I,P,-,A,R,F,S,G,S,G,-,-,S,G,T,D,F,T,L,T,I,S,S,L,E,P,E,D,F,A,V,Y,Y,C,H,Q,Y,G,S,-,-,-,-,T,P,L,T,F,G,G,G,T,K,A,E,I,K,-
nimotuzumab,K,30.501008987426758,0,111,D,I,Q,M,T,Q,S,P,S,S,L,S,A,S,V,G,D,R,V,T,I,T,C,R,S,S,Q,N,I,V,H,S,-,N,G,N,T,Y,L,D,W,Y,Q,Q,T,P,G,K,A,P,K,L,L,I,Y,K,V,-,-,-,-,-,-,-,S,N,R,F,S,G,V,P,-,S,R,F,S,G,S,G,-,-,S,G,T,D,F,T,F,T,I,S,S,L,Q,P,E,D,I,A,T,Y,Y,C,F,Q,Y,S,H,-,-,-,-,V,P,W,T,F,G,Q,G,T,K,L,Q,I,T,-
nivolumab,K,30.43736457824707,0,106,E,I,V,L,T,Q,S,P,A,T,L,S,L,S,P,G,E,R,A,T,L,S,C,R,A,S,Q,S,V,-,-,-,-,-,-,S,S,Y,L,A,W,Y,Q,Q,K,P,G,Q,A,P,R,L,L,I,Y,D,A,-,-,-,-,-,-,-,S,N,R,A,T,G,I,P,-,A,R,F,S,G,S,G,-,-,S,G,T,D,F,T,L,T,I,S,S,L,E,P,E,D,F,A,V,Y,Y,C,Q,Q,S,S,N,-,-,-,-,W,P,R,T,F,G,Q,G,T,K,V,E,I,K,-
obinutuzumab,K,30.84034538269043,0,111,D,I,V,M,T,Q,T,P,L,S,L,P,V,T,P,G,E,P,A,S,I,S,C,R,S,S,K,S,L,L,H,S,-,N,G,I,T,Y,L,Y,W,Y,L,Q,K,P,G,Q,S,P,Q,L,L,I,Y,Q,M,-,-,-,-,-,-,-,S,N,L,V,S,G,V,P,-,D,R,F,S,G,S,G,-,-,S,G,T,D,F,T,L,K,I,S,R,V,E,A,E,D,V,G,V,Y,Y,C,A,Q,N,L,E,-,-,-,-,L,P,Y,T,F,G,G,G,T,K,V,E,I,K,-
ocrelizumab,K,30.36509895324707,0,105,D,I,Q,M,T,Q,S,P,S,S,L,S,A,S,V,G,D,R,V,T,I,T,C,R,A,S,S,S,V,-,-,-,-,-,-,-,S,Y,M,H,W,Y,Q,Q,K,P,G,K,A,P,K,P,L,I,Y,A,P,-,-,-,-,-,-,-,S,N,L,A,S,G,V,P,-,S,R,F,S,G,S,G,-,-,S,G,T,D,F,T,L,T,I,S,S,L,Q,P,E,D,F,A,T,Y,Y,C,Q,Q,W,S,F,-,-,-,-,N,P,P,T,F,G,Q,G,T,K,V,E,I,K,-
ofatumumab,K,30.567602157592773,0,106,E,I,V,L,T,Q,S,P,A,T,L,S,L,S,P,G,E,R,A,T,L,S,C,R,A,S,Q,S,V,-,-,-,-,-,-,S,S,Y,L,A,W,Y,Q,Q,K,P,G,Q,A,P,R,L,L,I,Y,D,A,-,-,-,-,-,-,-,S,N,R,A,T,G,I,P,-,A,R,F,S,G,S,G,-,-,S,G,T,D,F,T,L,T,I,S,S,L,E,P,E,D,F,A,V,Y,Y,C,Q,Q,R,S,N,-,-,-,-,W,P,I,T,F,G,Q,G,T,R,L,E,I,K,-
olaratumab,K,30.50469207763672,0,106,E,I,V,L,T,Q,S,P,A,T,L,S,L,S,P,G,E,R,A,T,L,S,C,R,A,S,Q,S,V,-,-,-,-,-,-,S,S,Y,L,A,W,Y,Q,Q,K,P,G,Q,A,P,R,L,L,I,Y,D,A,-,-,-,-,-,-,-,S,N,R,A,T,G,I,P,-,A,R,F,S,G,S,G,-,-,S,G,T,D,F,T,L,T,I,S,S,L,E,P,E,D,F,A,V,Y,Y,C,Q,Q,R,S,N,-,-,-,-,W,P,P,A,F,G,Q,G,T,K,V,E,I,K,-
olokizumab,K,30.680063247680664,0,106,D,I,Q,M,T,Q,S,P,S,S,L,S,A,S,V,G,D,R,V,T,I,T,C,Q,A,S,Q,D,I,-,-,-,-,-,-,G,I,S,L,S,W,Y,Q,Q,K,P,G,K,A,P,K,L,L,I,Y,N,A,-,-,-,-,-,-,-,N,N,L,A,D,G,V,P,-,S,R,F,S,G,S,G,-,-,S,G,T,D,F,T,L,T,I,S,S,L,Q,P,E,D,F,A,T,Y,Y,C,L,Q,H,N,S,-,-,-,-,A,P,Y,T,F,G,Q,G,T,K,L,E,I,K,-
omalizumab,K,30.552553176879883,0,110,D,I,Q,L,T,Q,S,P,S,S,L,S,A,S,V,G,D,R,V,T,I,T,C,R,A,S,Q,S,V,D,Y,-,-,D,G,D,S,Y,M,N,W,Y,Q,Q,K,P,G,K,A,P,K,L,L,I,Y,A,A,-,-,-,-,-,-,-,S,Y,L,E,S,G,V,P,-,S,R,F,S,G,S,G,-,-,S,G,T,D,F,T,L,T,I,S,S,L,Q,P,E,D,F,A,T,Y,Y,C,Q,Q,S,H,E,-,-,-,-,D,P,Y,T,F,G,Q,G,T,K,V,E,I,K,-
onartuzumab,K,30.230676651000977,0,112,D,I,Q,M,T,Q,S,P,S,S,L,S,A,S,V,G,D,R,V,T,I,T,C,K,S,S,Q,S,L,L,Y,T,S,S,Q,K,N,Y,L,A,W,Y,Q,Q,K,P,G,K,A,P,K,L,L,I,Y,W,A,-,-,-,-,-,-,-,S,T,R,E,S,G,V,P,-,S,R,F,S,G,S,G,-,-,S,G,T,D,F,T,L,T,I,S,S,L,Q,P,E,D,F,A,T,Y,Y,C,Q,Q,Y,Y,A,-,-,-,-,Y,P,W,T,F,G,Q,G,T,K,V,E,I,K,-
otelixizumab,L,29.591232299804688,0,109,D,I,Q,L,T,Q,P,N,S,-,V,S,T,S,L,G,S,T,V,K,L,S,C,T,L,S,S,G,N,I,-,-,-,-,E,N,N,Y,V,H,W,Y,Q,L,Y,E,G,R,S,P,T,T,M,I,Y,D,D,-,-,-,-,-,-,-,D,K,R,P,D,G,V,P,-,D,R,F,S,G,S,I,D,R,S,S,N,S,A,F,L,T,I,H,N,V,A,I,E,D,E,A,I,Y,F,C,H,S,Y,V,S,-,-,-,-,S,F,N,V,F,G,G,G,T,K,L,T,V,L,-
otlertuzumab,K,30.783174514770508,0,106,E,I,V,L,T,Q,S,P,A,T,L,S,L,S,P,G,E,R,A,T,L,S,C,R,A,S,E,N,V,-,-,-,-,-,-,Y,S,Y,L,A,W,Y,Q,Q,K,P,G,Q,A,P,R,L,L,I,Y,F,A,-,-,-,-,-,-,-,K,T,L,A,E,G,I,P,-,A,R,F,S,G,S,G,-,-,S,G,T,D,F,T,L,T,I,S,S,L,E,P,E,D,F,A,V,Y,Y,C,Q,H,H,S,D,-,-,-,-,N,P,W,T,F,G,Q,G,T,K,V,E,I,K,-
ozanezumab,K,30.62655258178711,0,111,D,I,V,M,T,Q,S,P,L,S,N,P,V,T,L,G,Q,P,V,S,I,S,C,R,S,S,K,S,L,L,Y,K,-,D,G,K,T,Y,L,N,W,F,L,Q,R,P,G,Q,S,P,Q,L,L,I,Y,L,M,-,-,-,-,-,-,-,S,T,R,A,S,G,V,P,-,D,R,F,S,G,G,G,-,-,S,G,T,D,F,T,L,K,I,S,R,V,E,A,E,D,V,G,V,Y,Y,C,Q,Q,L,V,E,-,-,-,-,Y,P,L,T,F,G,Q,G,T,K,L,E,I,K,-
palivizumab,K,29.94377326965332,0,105,D,I,Q,M,T,Q,S,P,S,T,L,S,A,S,V,G,D,R,V,T,I,T,C,K,C,Q,L,S,V,-,-,-,-,-,-,-,G,Y,M,H,W,Y,Q,Q,K,P,G,K,A,P,K,L,L,I,Y,D,T,-,-,-,-,-,-,-,S,K,L,A,S,G,V,P,-,S,R,F,S,G,S,G,-,-,S,G,T,E,F,T,L,T,I,S,S,L,Q,P,D,D,F,A,T,Y,Y,C,F,Q,G,S,G,-,-,-,-,Y,P,F,T,F,G,G,G,T,K,L,E,I,K,-
panitumumab,K,30.522417068481445,0,106,D,I,Q,M,T,Q,S,P,S,S,L,S,A,S,V,G,D,R,V,T,I,T,C,Q,A,S,Q,D,I,-,-,-,-,-,-,S,N,Y,L,N,W,Y,Q,Q,K,P,G,K,A,P,K,L,L,I,Y,D,A,-,-,-,-,-,-,-,S,N,L,E,T,G,V,P,-,S,R,F,S,G,S,G,-,-,S,G,T,D,F,T,F,T,I,S,S,L,Q,P,E,D,I,A,T,Y,F,C,Q,H,F,D,H,-,-,-,-,L,P,L,A,F,G,G,G,T,K,V,E,I,K,-
panobacumab,K,30.706377029418945,0,111,D,V,V,M,T,Q,S,P,L,S,L,P,V,T,L,G,Q,P,A,S,I,S,C,R,S,S,Q,S,L,V,Y,S,-,D,G,N,T,Y,L,N,W,F,Q,Q,R,P,G,Q,S,P,R,R,L,I,Y,K,V,-,-,-,-,-,-,-,S,N,R,D,S,G,V,P,-,D,R,F,S,G,S,G,-,-,S,G,T,D,F,T,L,K,I,S,R,V,E,A,E,D,V,G,V,Y,Y,C,M,Q,G,T,H,-,-,-,-,W,P,L,T,F,G,G,G,T,K,V,E,I,K,-
parsatuzumab,K,30.457435607910156,0,111,D,I,Q,M,T,Q,S,P,S,S,L,S,A,S,V,G,D,R,V,T,I,T,C,R,T,S,Q,S,L,V,H,I,-,N,A,I,T,Y,L,H,W,Y,Q,Q,K,P,G,K,A,P,K,L,L,I,Y,R,V,-,-,-,-,-,-,-,S,N,R,F,S,G,V,P,-,S,R,F,S,G,S,G,-,-,S,G,T,D,F,T,L,T,I,S,S,L,Q,P,E,D,F,A,T,Y,Y,C,G,Q,S,T,H,-,-,-,-,V,P,L,T,F,G,Q,G,T,K,V,E,I,K,-
patritumab,K,30.582304000854492,0,112,D,I,E,M,T,Q,S,P,D,S,L,A,V,S,L,G,E,R,A,T,I,N,C,R,S,S,Q,S,V,L,Y,S,S,S,N,R,N,Y,L,A,W,Y,Q,Q,N,P,G,Q,P,P,K,L,L,I,Y,W,A,-,-,-,-,-,-,-,S,T,R,E,S,G,V,P,-,D,R,F,S,G,S,G,-,-,S,G,T,D,F,T,L,T,I,S,S,L,Q,A,E,D,V,A,V,Y,Y,C,Q,Q,Y,Y,S,-,-,-,-,T,P,R,T,F,G,Q,G,T,K,V,E,I,K,-
pembrolizumab,K,30.692182540893555,0,110,E,I,V,L,T,Q,S,P,A,T,L,S,L,S,P,G,E,R,A,T,L,S,C,R,A,S,K,G,V,S,T,-,-,S,G,Y,S,Y,L,H,W,Y,Q,Q,K,P,G,Q,A,P,R,L,L,I,Y,L,A,-,-,-,-,-,-,-,S,Y,L,E,S,G,V,P,-,A,R,F,S,G,S,G,-,-,S,G,T,D,F,T,L,T,I,S,S,L,E,P,E,D,F,A,V,Y,Y,C,Q,H,S,R,D,-,-,-,-,L,P,L,T,F,G,G,G,T,K,V,E,I,K,-
pertuzumab,K,30.644725799560547,0,106,D,I,Q,M,T,Q,S,P,S,S,L,S,A,S,V,G,D,R,V,T,I,T,C,K,A,S,Q,D,V,-,-,-,-,-,-,S,I,G,V,A,W,Y,Q,Q,K,P,G,K,A,P,K,L,L,I,Y,S,A,-,-,-,-,-,-,-,S,Y,R,Y,T,G,V,P,-,S,R,F,S,G,S,G,-,-,S,G,T,D,F,T,L,T,I,S,S,L,Q,P,E,D,F,A,T,Y,Y,C,Q,Q,Y,Y,I,-,-,-,-,Y,P,Y,T,F,G,Q,G,T,K,V,E,I,K,-
pinatuzumab,K,30.702348709106445,0,111,D,I,Q,M,T,Q,S,P,S,S,L,S,A,S,V,G,D,R,V,T,I,T,C,R,S,S,Q,S,I,V,H,S,-,V,G,N,T,F,L,E,W,Y,Q,Q,K,P,G,K,A,P,K,L,L,I,Y,K,V,-,-,-,-,-,-,-,S,N,R,F,S,G,V,P,-,S,R,F,S,G,S,G,-,-,S,G,T,D,F,T,L,T,I,S,S,L,Q,P,E,D,F,A,T,Y,Y,C,F,Q,G,S,Q,-,-,-,-,F,P,Y,T,F,G,Q,G,T,K,V,E,I,K,-
polatuzumab,K,30.55841636657715,0,110,D,I,Q,L,T,Q,S,P,S,S,L,S,A,S,V,G,D,R,V,T,I,T,C,K,A,S,Q,S,V,D,Y,-,-,E,G,D,S,F,L,N,W,Y,Q,Q,K,P,G,K,A,P,K,L,L,I,Y,A,A,-,-,-,-,-,-,-,S,N,L,E,S,G,V,P,-,S,R,F,S,G,S,G,-,-,S,G,T,D,F,T,L,T,I,S,S,L,Q,P,E,D,F,A,T,Y,Y,C,Q,Q,S,N,E,-,-,-,-,D,P,L,T,F,G,Q,G,T,K,V,E,I,K,-
ponezumab,K,30.504606246948242,0,111,D,V,V,M,T,Q,S,P,L,S,L,P,V,T,L,G,Q,P,A,S,I,S,C,K,S,S,Q,S,L,L,Y,S,-,D,A,K,T,Y,L,N,W,F,Q,Q,R,P,G,Q,S,P,R,R,L,I,Y,Q,I,-,-,-,-,-,-,-,S,R,L,D,P,G,V,P,-,D,R,F,S,G,S,G,-,-,S,G,T,D,F,T,L,K,I,S,R,V,E,A,E,D,V,G,V,Y,Y,C,L,Q,G,T,H,-,-,-,-,Y,P,V,L,F,G,Q,G,T,R,L,E,I,K,-
radretumab,K,30.825668334960938,0,107,E,I,V,L,T,Q,S,P,G,T,L,S,L,S,P,G,E,R,A,T,L,S,C,R,A,S,Q,S,V,S,-,-,-,-,-,S,S,F,L,A,W,Y,Q,Q,K,P,G,Q,A,P,R,L,L,I,Y,Y,A,-,-,-,-,-,-,-,S,S,R,A,T,G,I,P,-,D,R,F,S,G,S,G,-,-,S,G,T,D,F,T,L,T,I,S,R,L,E,P,E,D,F,A,V,Y,Y,C,Q,Q,T,G,R,-,-,-,-,I,P,P,T,F,G,Q,G,T,K,V,E,I,K,-
ramucirumab,K,31.039255142211914,0,106,D,I,Q,M,T,Q,S,P,S,S,V,S,A,S,I,G,D,R,V,T,I,T,C,R,A,S,Q,G,I,-,-,-,-,-,-,D,N,W,L,G,W,Y,Q,Q,K,P,G,K,A,P,K,L,L,I,Y,D,A,-,-,-,-,-,-,-,S,N,L,D,T,G,V,P,-,S,R,F,S,G,S,G,-,-,S,G,T,Y,F,T,L,T,I,S,S,L,Q,A,E,D,F,A,V,Y,F,C,Q,Q,A,K,A,-,-,-,-,F,P,P,T,F,G,G,G,T,K,V,D,I,K,-
ranibizumab,K,30.643510818481445,0,106,D,I,Q,L,T,Q,S,P,S,S,L,S,A,S,V,G,D,R,V,T,I,T,C,S,A,S,Q,D,I,-,-,-,-,-,-,S,N,Y,L,N,W,Y,Q,Q,K,P,G,K,A,P,K,V,L,I,Y,F,T,-,-,-,-,-,-,-,S,S,L,H,S,G,V,P,-,S,R,F,S,G,S,G,-,-,S,G,T,D,F,T,L,T,I,S,S,L,Q,P,E,D,F,A,T,Y,Y,C,Q,Q,Y,S,T,-,-,-,-,V,P,W,T,F,G,Q,G,T,K,V,E,I,K,-
reslizumab,K,30.461091995239258,0,106,D,I,Q,M,T,Q,S,P,S,S,L,S,A,S,V,G,D,R,V,T,I,T,C,L,A,S,E,G,I,-,-,-,-,-,-,S,S,Y,L,A,W,Y,Q,Q,K,P,G,K,A,P,K,L,L,I,Y,G,A,-,-,-,-,-,-,-,N,S,L,Q,T,G,V,P,-,S,R,F,S,G,S,G,-,-,S,A,T,D,Y,T,L,T,I,S,S,L,Q,P,E,D,F,A,T,Y,Y,C,Q,Q,S,Y,K,-,-,-,-,F,P,N,T,F,G,Q,G,T,K,V,E,V,K,-
rilotumumab,K,30.68440055847168,0,107,E,I,V,M,T,Q,S,P,A,T,L,S,V,S,P,G,E,R,A,T,L,S,C,R,A,S,Q,S,V,-,-,-,-,-,-,D,S,N,L,A,W,Y,R,Q,K,P,G,Q,A,P,R,L,L,I,Y,G,A,-,-,-,-,-,-,-,S,T,R,A,T,G,I,P,-,A,R,F,S,G,S,G,-,-,S,G,T,E,F,T,L,T,I,S,S,L,Q,S,E,D,F,A,V,Y,Y,C,Q,Q,Y,I,N,-,-,-,W,P,P,I,T,F,G,Q,G,T,R,L,E,I,K,-
rituximab,K,30.079626083374023,0,105,Q,I,V,L,S,Q,S,P,A,I,L,S,A,S,P,G,E,K,V,T,M,T,C,R,A,S,S,S,V,-,-,-,-,-,-,-,S,Y,I,H,W,F,Q,Q,K,P,G,S,S,P,K,P,W,I,Y,A,T,-,-,-,-,-,-,-,S,N,L,A,S,G,V,P,-,V,R,F,S,G,S,G,-,-,S,G,T,S,Y,S,L,T,I,S,R,V,E,A,E,D,A,A,T,Y,Y,C,Q,Q,W,T,S,-,-,-,-,N,P,P,T,F,G,G,G,T,K,L,E,I,K,-
robatumumab,K,30.440086364746094,0,106,E,I,V,L,T,Q,S,P,G,T,L,S,V,S,P,G,E,R,A,T,L,S,C,R,A,S,Q,S,I,-,-,-,-,-,-,G,S,S,L,H,W,Y,Q,Q,K,P,G,Q,A,P,R,L,L,I,K,Y,A,-,-,-,-,-,-,-,S,Q,S,L,S,G,I,P,-,D,R,F,S,G,S,G,-,-,S,G,T,D,F,T,L,T,I,S,R,L,E,P,E,D,F,A,V,Y,Y,C,H,Q,S,S,R,-,-,-,-,L,P,H,T,F,G,Q,G,T,K,V,E,I,K,-
romosozumab,K,30.535062789916992,0,106,D,I,Q,M,T,Q,S,P,S,S,L,S,A,S,V,G,D,R,V,T,I,T,C,R,A,S,Q,D,I,-,-,-,-,-,-,S,N,Y,L,N,W,Y,Q,Q,K,P,G,K,A,P,K,L,L,I,Y,Y,T,-,-,-,-,-,-,-,S,R,L,L,S,G,V,P,-,S,R,F,S,G,S,G,-,-,S,G,T,D,F,T,L,T,I,S,S,L,Q,P,E,D,F,A,T,Y,Y,C,Q,Q,G,D,T,-,-,-,-,L,P,Y,T,F,G,G,G,T,K,V,E,I,K,-
sarilumab,K,30.726537704467773,0,106,D,I,Q,M,T,Q,S,P,S,S,V,S,A,S,V,G,D,R,V,T,I,T,C,R,A,S,Q,G,I,-,-,-,-,-,-,S,S,W,L,A,W,Y,Q,Q,K,P,G,K,A,P,K,L,L,I,Y,G,A,-,-,-,-,-,-,-,S,S,L,E,S,G,V,P,-,S,R,F,S,G,S,G,-,-,S,G,T,D,F,T,L,T,I,S,S,L,Q,P,E,D,F,A,S,Y,Y,C,Q,Q,A,N,S,-,-,-,-,F,P,Y,T,F,G,Q,G,T,K,L,E,I,K,-
secukinumab,K,30.542877197265625,0,107,E,I,V,L,T,Q,S,P,G,T,L,S,L,S,P,G,E,R,A,T,L,S,C,R,A,S,Q,S,V,S,-,-,-,-,-,S,S,Y,L,A,W,Y,Q,Q,K,P,G,Q,A,P,R,L,L,I,Y,G,A,-,-,-,-,-,-,-,S,S,R,A,T,G,I,P,-,D,R,F,S,G,S,G,-,-,S,G,T,D,F,T,L,T,I,S,R,L,E,P,E,D,F,A,V,Y,Y,C,Q,Q,Y,G,S,-,-,-,-,S,P,C,T,F,G,Q,G,T,R,L,E,I,K,-
seribantumab,L,30.933610916137695,0,110,Q,S,A,L,T,Q,P,A,S,-,V,S,G,S,P,G,Q,S,I,T,I,S,C,T,G,T,S,S,D,V,G,-,-,-,S,Y,N,V,V,S,W,Y,Q,Q,H,P,G,K,A,P,K,L,I,I,Y,E,V,-,-,-,-,-,-,-,S,Q,R,P,S,G,V,S,-,N,R,F,S,G,S,K,-,-,S,G,N,T,A,S,L,T,I,S,G,L,Q,T,E,D,E,A,D,Y,Y,C,C,S,Y,A,G,S,-,-,S,I,F,V,I,F,G,G,G,T,K,V,T,V,L,-
sifalimumab,K,30.516233444213867,0,107,E,I,V,L,T,Q,S,P,G,T,L,S,L,S,P,G,E,R,A,T,L,S,C,R,A,S,Q,S,V,S,-,-,-,-,-,S,T,Y,L,A,W,Y,Q,Q,K,P,G,Q,A,P,R,L,L,I,Y,G,A,-,-,-,-,-,-,-,S,S,R,A,T,G,I,P,-,D,R,F,S,G,S,G,-,-,S,G,T,D,F,T,L,T,I,S,R,L,E,P,E,D,F,A,V,Y,Y,C,Q,Q,Y,G,S,-,-,-,-,S,P,R,T,F,G,Q,G,T,K,V,E,I,K,-
siltuximab,K,29.73611831665039,0,105,Q,I,V,L,I,Q,S,P,A,I,M,S,A,S,P,G,E,K,V,T,M,T,C,S,A,S,S,S,V,-,-,-,-,-,-,-,S,Y,M,Y,W,Y,Q,Q,K,P,G,S,S,P,R,L,L,I,Y,D,T,-,-,-,-,-,-,-,S,N,L,A,S,G,V,P,-,V,R,F,S,G,S,G,-,-,S,G,T,S,Y,S,L,T,I,S,R,M,E,A,E,D,A,A,T,Y,Y,C,Q,Q,W,S,G,-,-,-,-,Y,P,Y,T,F,G,G,G,T,K,L,E,I,K,-
simtuzumab,K,30.786701202392578,0,111,D,I,V,M,T,Q,T,P,L,S,L,S,V,T,P,G,Q,P,A,S,I,S,C,R,S,S,K,S,L,L,H,S,-,N,G,N,T,Y,L,Y,W,F,L,Q,K,P,G,Q,S,P,Q,F,L,I,Y,R,M,-,-,-,-,-,-,-,S,N,L,A,S,G,V,P,-,D,R,F,S,G,S,G,-,-,S,G,T,D,F,T,L,K,I,S,R,V,E,A,E,D,V,G,V,Y,Y,C,M,Q,H,L,E,-,-,-,-,Y,P,Y,T,F,G,G,G,T,K,V,E,I,K,-
sirukumab,K,30.46144676208496,0,105,E,I,V,L,T,Q,S,P,A,T,L,S,L,S,P,G,E,R,A,T,L,S,C,S,A,S,I,S,V,-,-,-,-,-,-,-,S,Y,M,Y,W,Y,Q,Q,K,P,G,Q,A,P,R,L,L,I,Y,D,M,-,-,-,-,-,-,-,S,N,L,A,S,G,I,P,-,A,R,F,S,G,S,G,-,-,S,G,T,D,F,T,L,T,I,S,S,L,E,P,E,D,F,A,V,Y,Y,C,M,Q,W,S,G,-,-,-,-,Y,P,Y,T,F,G,G,G,T,K,V,E,I,K,-
tabalumab,K,30.563228607177734,0,106,E,I,V,L,T,Q,S,P,A,T,L,S,L,S,P,G,E,R,A,T,L,S,C,R,A,S,Q,S,V,-,-,-,-,-,-,S,R,Y,L,A,W,Y,Q,Q,K,P,G,Q,A,P,R,L,L,I,Y,D,A,-,-,-,-,-,-,-,S,N,R,A,T,G,I,P,-,A,R,F,S,G,S,G,-,-,S,G,T,D,S,T,L,T,I,S,S,L,E,P,E,D,F,A,V,Y,Y,C,Q,Q,R,S,N,-,-,-,-,W,P,R,T,F,G,Q,G,T,K,V,E,I,K,-
tanezumab,K,30.600400924682617,0,106,D,I,Q,M,T,Q,S,P,S,S,L,S,A,S,V,G,D,R,V,T,I,T,C,R,A,S,Q,S,I,-,-,-,-,-,-,S,N,N,L,N,W,Y,Q,Q,K,P,G,K,A,P,K,L,L,I,Y,Y,T,-,-,-,-,-,-,-,S,R,F,H,S,G,V,P,-,S,R,F,S,G,S,G,-,-,S,G,T,D,F,T,F,T,I,S,S,L,Q,P,E,D,I,A,T,Y,Y,C,Q,Q,E,H,T,-,-,-,-,L,P,Y,T,F,G,Q,G,T,K,L,E,I,K,-
teplizumab,K,30.332563400268555,0,105,D,I,Q,M,T,Q,S,P,S,S,L,S,A,S,V,G,D,R,V,T,I,T,C,S,A,S,S,S,V,-,-,-,-,-,-,-,S,Y,M,N,W,Y,Q,Q,T,P,G,K,A,P,K,R,W,I,Y,D,T,-,-,-,-,-,-,-,S,K,L,A,S,G,V,P,-,S,R,F,S,G,S,G,-,-,S,G,T,D,Y,T,F,T,I,S,S,L,Q,P,E,D,I,A,T,Y,Y,C,Q,Q,W,S,S,-,-,-,-,N,P,F,T,F,G,Q,G,T,K,L,Q,I,T,-
tigatuzumab,K,30.58185577392578,0,105,D,I,Q,M,T,Q,S,P,S,S,L,S,A,S,V,G,D,R,V,T,I,T,C,K,A,S,Q,D,V,-,-,-,-,-,-,G,T,A,V,A,W,Y,Q,Q,K,P,G,K,A,P,K,L,L,I,Y,W,A,-,-,-,-,-,-,-,S,T,R,H,T,G,V,P,-,S,R,F,S,G,S,G,-,-,S,G,T,D,F,T,L,T,I,S,S,L,Q,P,E,D,F,A,T,Y,Y,C,Q,Q,Y,S,-,-,-,-,-,S,Y,R,T,F,G,Q,G,T,K,V,E,I,K,-
tildrakizumab,K,30.872997283935547,0,106,D,I,Q,M,T,Q,S,P,S,S,L,S,A,S,V,G,D,R,V,T,I,T,C,R,T,S,E,N,I,-,-,-,-,-,-,Y,S,Y,L,A,W,Y,Q,Q,K,P,G,K,A,P,K,L,L,I,Y,N,A,-,-,-,-,-,-,-,K,T,L,A,E,G,V,P,-,S,R,F,S,G,S,G,-,-,S,G,T,D,F,T,L,T,I,S,S,L,Q,P,E,D,F,A,T,Y,Y,C,Q,H,H,Y,G,-,-,-,-,I,P,F,T,F,G,Q,G,T,K,V,E,I,K,-
tocilizumab,K,30.46957015991211,0,106,D,I,Q,M,T,Q,S,P,S,S,L,S,A,S,V,G,D,R,V,T,I,T,C,R,A,S,Q,D,I,-,-,-,-,-,-,S,S,Y,L,N,W,Y,Q,Q,K,P,G,K,A,P,K,L,L,I,Y,Y,T,-,-,-,-,-,-,-,S,R,L,H,S,G,V,P,-,S,R,F,S,G,S,G,-,-,S,G,T,D,F,T,F,T,I,S,S,L,Q,P,E,D,I,A,T,Y,Y,C,Q,Q,G,N,T,-,-,-,-,L,P,Y,T,F,G,Q,G,T,K,V,E,I,K,-
tovetumab,K,30.414989471435547,0,107,D,I,Q,M,T,Q,S,P,S,S,L,S,A,S,V,G,D,R,V,S,I,T,C,R,P,S,Q,S,F,-,-,-,-,-,-,S,R,Y,I,N,W,Y,Q,Q,K,P,G,K,A,P,K,L,L,I,H,A,A,-,-,-,-,-,-,-,S,S,L,V,G,G,V,P,-,S,R,F,S,G,S,G,-,-,S,G,T,D,F,T,L,T,I,S,S,L,Q,P,E,D,F,A,T,Y,Y,C,Q,Q,T,Y,S,-,-,-,N,P,P,I,T,F,G,Q,G,T,R,L,E,M,K,-
tralokinumab,L,30.58298683166504,0,107,S,Y,V,L,T,Q,P,P,S,-,V,S,V,A,P,G,K,T,A,R,I,T,C,G,G,N,I,I,G,-,-,-,-,-,-,S,K,L,V,H,W,Y,Q,Q,K,P,G,Q,A,P,V,L,V,I,Y,D,D,-,-,-,-,-,-,-,G,D,R,P,S,G,I,P,-,E,R,F,S,G,S,N,-,-,S,G,N,T,A,T,L,T,I,S,R,V,E,A,G,D,E,A,D,Y,Y,C,Q,V,W,D,T,G,-,-,S,D,P,V,V,F,G,G,G,T,K,L,T,V,L,-
trastuzumab,K,30.670080184936523,0,106,D,I,Q,M,T,Q,S,P,S,S,L,S,A,S,V,G,D,R,V,T,I,T,C,R,A,S,Q,D,V,-,-,-,-,-,-,N,T,A,V,A,W,Y,Q,Q,K,P,G,K,A,P,K,L,L,I,Y,S,A,-,-,-,-,-,-,-,S,F,L,Y,S,G,V,P,-,S,R,F,S,G,S,R,-,-,S,G,T,D,F,T,L,T,I,S,S,L,Q,P,E,D,F,A,T,Y,Y,C,Q,Q,H,Y,T,-,-,-,-,T,P,P,T,F,G,Q,G,T,K,V,E,I,K,-
tremelimumab,K,30.374557495117188,0,106,D,I,Q,M,T,Q,S,P,S,S,L,S,A,S,V,G,D,R,V,T,I,T,C,R,A,S,Q,S,I,-,-,-,-,-,-,N,S,Y,L,D,W,Y,Q,Q,K,P,G,K,A,P,K,L,L,I,Y,A,A,-,-,-,-,-,-,-,S,S,L,Q,S,G,V,P,-,S,R,F,S,G,S,G,-,-,S,G,T,D,F,T,L,T,I,S,S,L,Q,P,E,D,F,A,T,Y,Y,C,Q,Q,Y,Y,S,-,-,-,-,T,P,F,T,F,G,P,G,T,K,V,E,I,K,-
urelumab,K,30.30340003967285,0,108,E,I,V,L,T,Q,S,P,A,T,L,S,L,S,P,G,E,R,A,T,L,S,C,R,A,S,Q,S,V,-,-,-,-,-,-,S,S,Y,L,A,W,Y,Q,Q,K,P,G,Q,A,P,R,L,L,I,Y,D,A,-,-,-,-,-,-,-,S,N,R,A,T,G,I,P,-,A,R,F,S,G,S,G,-,-,S,G,T,D,F,T,L,T,I,S,S,L,E,P,E,D,F,A,V,Y,Y,C,Q,Q,R,S,N,W,-,-,P,P,A,L,T,F,G,G,G,T,K,V,E,I,K,-
ustekinumab,K,30.431453704833984,0,106,D,I,Q,M,T,Q,S,P,S,S,L,S,A,S,V,G,D,R,V,T,I,T,C,R,A,S,Q,G,I,-,-,-,-,-,-,S,S,W,L,A,W,Y,Q,Q,K,P,E,K,A,P,K,S,L,I,Y,A,A,-,-,-,-,-,-,-,S,S,L,Q,S,G,V,P,-,S,R,F,S,G,S,G,-,-,S,G,T,D,F,T,L,T,I,S,S,L,Q,P,E,D,F,A,T,Y,Y,C,Q,Q,Y,N,I,-,-,-,-,Y,P,Y,T,F,G,Q,G,T,K,L,E,I,K,-
vedolizumab,K,30.752944946289062,0,111,D,V,V,M,T,Q,S,P,L,S,L,P,V,T,P,G,E,P,A,S,I,S,C,R,S,S,Q,S,L,A,K,S,-,Y,G,N,T,Y,L,S,W,Y,L,Q,K,P,G,Q,S,P,Q,L,L,I,Y,G,I,-,-,-,-,-,-,-,S,N,R,F,S,G,V,P,-,D,R,F,S,G,S,G,-,-,S,G,T,D,F,T,L,K,I,S,R,V,E,A,E,D,V,G,V,Y,Y,C,L,Q,G,T,H,-,-,-,-,Q,P,Y,T,F,G,Q,G,T,K,V,E,I,K,-
veltuzumab,K,30.164583206176758,0,105,D,I,Q,L,T,Q,S,P,S,S,L,S,A,S,V,G,D,R,V,T,M,T,C,R,A,S,S,S,V,-,-,-,-,-,-,-,S,Y,I,H,W,F,Q,Q,K,P,G,K,A,P,K,P,W,I,Y,A,T,-,-,-,-,-,-,-,S,N,L,A,S,G,V,P,-,V,R,F,S,G,S,G,-,-,S,G,T,D,Y,T,F,T,I,S,S,L,Q,P,E,D,I,A,T,Y,Y,C,Q,Q,W,T,S,-,-,-,-,N,P,P,T,F,G,G,G,T,K,L,E,I,K,-
visilizumab,K,30.254499435424805,0,105,D,I,Q,M,T,Q,S,P,S,S,L,S,A,S,V,G,D,R,V,T,I,T,C,S,A,S,S,S,V,-,-,-,-,-,-,-,S,Y,M,N,W,Y,Q,Q,K,P,G,K,A,P,K,R,L,I,Y,D,T,-,-,-,-,-,-,-,S,K,L,A,S,G,V,P,-,S,R,F,S,G,S,G,-,-,S,G,T,D,F,T,L,T,I,S,S,L,Q,P,E,D,F,A,T,Y,Y,C,Q,Q,W,S,S,-,-,-,-,N,P,P,T,F,G,G,G,T,K,V,E,I,K,-
zalutumumab,K,30.635726928710938,0,106,A,I,Q,L,T,Q,S,P,S,S,L,S,A,S,V,G,D,R,V,T,I,T,C,R,A,S,Q,D,I,-,-,-,-,-,-,S,S,A,L,V,W,Y,Q,Q,K,P,G,K,A,P,K,L,L,I,Y,D,A,-,-,-,-,-,-,-,S,S,L,E,S,G,V,P,-,S,R,F,S,G,S,E,-,-,S,G,T,D,F,T,L,T,I,S,S,L,Q,P,E,D,F,A,T,Y,Y,C,Q,Q,F,N,S,-,-,-,-,Y,P,L,T,F,G,G,G,T,K,V,E,I,K,-
zanolimumab,K,30.542531967163086,0,106,D,I,Q,M,T,Q,S,P,S,S,V,S,A,S,V,G,D,R,V,T,I,T,C,R,A,S,Q,D,I,-,-,-,-,-,-,S,S,W,L,A,W,Y,Q,H,K,P,G,K,A,P,K,L,L,I,Y,A,A,-,-,-,-,-,-,-,S,S,L,Q,S,G,V,P,-,S,R,F,S,G,S,G,-,-,S,G,T,D,F,T,L,T,I,S,S,L,Q,P,E,D,F,A,T,Y,Y,C,Q,Q,A,N,S,-,-,-,-,F,P,Y,T,F,G,Q,G,T,K,L,E,I,K,-
